ResID,ChainID,Resname,PV
1,A45,THR,2.6
2,A46,VAL,0.9
3,A47,ALA,0.2
4,A48,LEU,0.2
5,A49,ARG,2.1
6,A50,GLU,0.4
7,A51,ILE,0.0
8,A52,ARG,0.9
9,A53,ARG,0.9
10,A54,PHE,0.1
11,A55,GLN,0.2
12,A56,LYS,1.3
13,A57,SER,0.3
14,A58,THR,0.2
15,A59,GLU,0.7
16,A60,LEU,0.5
17,A61,LEU,0.1
18,A62,ILE,0.2
19,A63,ARG,1.8
20,A64,LYS,1.0
21,A65,LEU,0.2
22,A66,PRO,0.3
23,A67,PHE,0.1
24,A68,GLN,0.0
25,A69,ARG,1.1
26,A70,LEU,0.2
27,A71,VAL,0.0
28,A72,ARG,0.9
29,A73,GLU,1.1
30,A74,ILE,0.0
31,A75,ALA,0.0
32,A76,GLN,0.7
33,A77,ASP,1.1
34,A78,PHE,0.3
35,A79,LYS,1.1
36,A80,THR,0.6
37,A81,ASP,2.5
38,A82,LEU,0.2
39,A83,ARG,1.5
40,A84,PHE,0.5
41,A85,GLN,0.1
42,A86,SER,0.3
43,A87,SER,0.0
44,A88,ALA,0.0
45,A89,ILE,0.1
46,A90,GLY,0.0
47,A91,ALA,0.0
48,A92,LEU,0.1
49,A93,GLN,0.0
50,A94,GLU,0.2
51,A95,SER,0.1
52,A96,VAL,0.0
53,A97,GLU,0.0
54,A98,ALA,0.2
55,A99,TYR,0.3
56,A100,LEU,0.1
57,A101,VAL,0.0
58,A102,SER,0.5
59,A103,LEU,0.0
60,A104,PHE,0.1
61,A105,GLU,1.2
62,A106,ASP,0.3
63,A107,THR,0.0
64,A108,ASN,0.2
65,A109,LEU,0.1
66,A110,ALA,0.1
67,A111,ALA,0.0
68,A112,ILE,0.1
69,A113,HIS,0.3
70,A114,ALA,0.2
71,A115,LYS,2.2
72,A116,ARG,0.7
73,A117,VAL,0.3
74,A118,THR,0.0
75,A119,ILE,0.0
76,A120,GLN,0.3
77,A121,LYS,0.7
78,A122,LYS,0.9
79,A123,GLU,0.0
80,A124,ILE,0.0
81,A125,LYS,0.8
82,A126,LEU,0.1
83,A127,ALA,0.0
84,A128,ARG,0.5
85,A129,ARG,1.0
86,A130,LEU,0.0
87,A131,ARG,0.6
88,A132,GLY,0.1
89,A133,GLU,0.1
90,A134,ARG,5.5
91,B24,ASP,2.6
92,B25,ASN,1.1
93,B26,ILE,0.2
94,B27,GLN,0.8
95,B28,GLY,0.2
96,B29,ILE,0.1
97,B30,THR,0.5
98,B31,LYS,1.7
99,B32,PRO,0.4
100,B33,ALA,0.0
101,B34,ILE,0.1
102,B35,ARG,1.5
103,B36,ARG,0.3
104,B37,LEU,0.1
105,B38,ALA,0.1
106,B39,ARG,0.3
107,B40,ARG,0.3
108,B41,GLY,0.0
109,B42,GLY,0.1
110,B43,VAL,0.1
111,B44,LYS,1.3
112,B45,ARG,1.9
113,B46,ILE,0.4
114,B47,SER,0.1
115,B48,GLY,0.1
116,B49,LEU,0.2
117,B50,ILE,0.0
118,B51,TYR,0.1
119,B52,GLU,0.8
120,B53,GLU,0.1
121,B54,VAL,0.0
122,B55,ARG,0.4
123,B56,ALA,0.1
124,B57,VAL,0.1
125,B58,LEU,0.1
126,B59,LYS,0.8
127,B60,SER,0.3
128,B61,PHE,0.2
129,B62,LEU,0.0
130,B63,GLU,0.8
131,B64,SER,0.1
132,B65,VAL,0.0
133,B66,ILE,0.0
134,B67,ARG,1.2
135,B68,ASP,0.1
136,B69,SER,0.1
137,B70,VAL,0.1
138,B71,THR,0.2
139,B72,TYR,0.2
140,B73,THR,0.0
141,B74,GLU,1.1
142,B75,HIS,0.1
143,B76,ALA,0.1
144,B77,LYS,1.2
145,B78,ARG,0.5
146,B79,LYS,2.5
147,B80,THR,0.1
148,B81,VAL,0.1
149,B82,THR,0.0
150,B83,SER,0.0
151,B84,LEU,0.2
152,B85,ASP,0.0
153,B86,VAL,0.1
154,B87,VAL,0.0
155,B88,TYR,0.4
156,B89,ALA,0.0
157,B90,LEU,0.0
158,B91,LYS,0.8
159,B92,ARG,0.9
160,B93,GLN,0.2
161,B94,GLY,0.0
162,B95,ARG,0.9
163,B96,THR,0.1
164,B97,LEU,0.2
165,B98,TYR,0.3
166,B99,GLY,0.4
167,B100,PHE,0.4
168,B101,GLY,0.3
169,B102,GLY,0.8
170,C16,GLN,2.4
171,C17,SER,0.5
172,C18,ARG,1.7
173,C19,SER,0.1
174,C20,ALA,0.2
175,C21,LYS,1.4
176,C22,ALA,0.0
177,C23,GLY,0.3
178,C24,LEU,0.6
179,C25,THR,0.9
180,C26,PHE,0.1
181,C27,PRO,0.0
182,C28,VAL,0.0
183,C29,GLY,0.2
184,C30,ARG,0.4
185,C31,VAL,0.0
186,C32,HIS,0.3
187,C33,ARG,0.8
188,C34,LEU,0.6
189,C35,LEU,0.1
190,C36,ARG,1.0
191,C37,ARG,2.3
192,C38,GLY,0.1
193,C39,ASN,0.4
194,C40,TYR,0.4
195,C41,ALA,0.1
196,C42,GLN,0.4
197,C43,ARG,0.7
198,C44,ILE,0.2
199,C45,GLY,0.1
200,C46,SER,0.7
201,C47,GLY,0.1
202,C48,ALA,0.0
203,C49,PRO,0.0
204,C50,VAL,0.0
205,C51,TYR,0.0
206,C52,LEU,0.0
207,C53,THR,0.0
208,C54,ALA,0.1
209,C55,VAL,0.0
210,C56,LEU,0.0
211,C57,GLU,0.2
212,C58,TYR,0.3
213,C59,LEU,0.2
214,C60,ALA,0.0
215,C61,ALA,0.0
216,C62,GLU,0.9
217,C63,ILE,0.4
218,C64,LEU,0.2
219,C65,GLU,0.6
220,C66,LEU,0.8
221,C67,ALA,0.0
222,C68,GLY,0.1
223,C69,ASN,0.5
224,C70,ALA,0.0
225,C71,ALA,0.0
226,C72,ARG,2.4
227,C73,ASP,2.0
228,C74,ASN,0.7
229,C75,LYS,1.9
230,C76,LYS,1.2
231,C77,THR,1.3
232,C78,ARG,1.2
233,C79,ILE,0.0
234,C80,ILE,0.1
235,C81,PRO,0.0
236,C82,ARG,0.2
237,C83,HIS,0.0
238,C84,LEU,0.1
239,C85,GLN,0.2
240,C86,LEU,0.4
241,C87,ALA,0.2
242,C88,ILE,0.1
243,C89,ARG,0.7
244,C90,ASN,0.9
245,C91,ASP,0.4
246,C92,ASP,2.8
247,C93,GLU,1.3
248,C94,LEU,0.2
249,C95,ASN,0.4
250,C96,LYS,1.8
251,C97,LEU,0.0
252,C98,LEU,0.0
253,C99,GLY,0.2
254,C100,ASN,0.7
255,C101,VAL,0.0
256,C102,THR,0.2
257,C103,ILE,0.0
258,C104,ALA,0.0
259,C105,GLN,0.4
260,C106,GLY,0.0
261,C107,GLY,0.2
262,C108,VAL,0.5
263,C109,LEU,0.8
264,C110,PRO,0.2
265,C111,ASN,0.6
266,C112,ILE,0.2
267,C113,HIS,0.1
268,C114,GLN,0.2
269,C115,ASN,0.4
270,C116,LEU,0.1
271,C117,LEU,0.3
272,C118,PRO,0.7
273,C119,LYS,4.3
274,D36,ARG,4.3
275,D37,LYS,1.7
276,D38,GLU,0.6
277,D39,THR,0.1
278,D40,TYR,0.2
279,D41,SER,0.0
280,D42,SER,0.1
281,D43,TYR,0.2
282,D44,ILE,0.1
283,D45,TYR,0.3
284,D46,LYS,1.2
285,D47,VAL,0.0
286,D48,LEU,0.0
287,D49,LYS,0.4
288,D50,GLN,0.3
289,D51,THR,0.0
290,D52,HIS,0.6
291,D53,PRO,0.1
292,D54,ASP,1.2
293,D55,THR,0.1
294,D56,GLY,0.0
295,D57,ILE,0.3
296,D58,SER,0.1
297,D59,GLN,0.3
298,D60,LYS,0.3
299,D61,SER,0.0
300,D62,MET,0.0
301,D63,SER,0.2
302,D64,ILE,0.0
303,D65,LEU,0.2
304,D66,ASN,0.1
305,D67,SER,0.2
306,D68,PHE,0.4
307,D69,VAL,0.1
308,D70,ASN,0.4
309,D71,ASP,0.2
310,D72,ILE,0.0
311,D73,PHE,0.0
312,D74,GLU,1.1
313,D75,ARG,0.4
314,D76,ILE,0.0
315,D77,ALA,0.0
316,D78,THR,0.4
317,D79,GLU,0.1
318,D80,ALA,0.0
319,D81,SER,0.1
320,D82,LYS,0.6
321,D83,LEU,0.1
322,D84,ALA,0.0
323,D85,ALA,0.6
324,D86,TYR,0.6
325,D87,ASN,0.2
326,D88,LYS,1.0
327,D89,LYS,0.9
328,D90,SER,0.2
329,D91,THR,0.1
330,D92,ILE,0.0
331,D93,SER,0.2
332,D94,ALA,0.1
333,D95,ARG,0.9
334,D96,GLU,0.0
335,D97,ILE,0.1
336,D98,GLN,0.1
337,D99,THR,0.1
338,D100,ALA,0.0
339,D101,VAL,0.0
340,D102,ARG,1.2
341,D103,LEU,0.2
342,D104,ILE,0.1
343,D105,LEU,0.0
344,D106,PRO,0.1
345,D107,GLY,0.2
346,D108,GLU,1.2
347,D109,LEU,0.1
348,D110,ALA,0.0
349,D111,LYS,1.0
350,D112,HIS,0.4
351,D113,ALA,0.0
352,D114,VAL,0.0
353,D115,SER,0.1
354,D116,GLU,0.7
355,D117,GLY,0.0
356,D118,THR,0.0
357,D119,ARG,1.0
358,D120,ALA,0.0
359,D121,VAL,0.0
360,D122,THR,0.0
361,D123,LYS,0.7
362,D124,TYR,0.6
363,D125,SER,0.4
364,D126,SER,0.0
365,D127,SER,0.2
366,D128,THR,1.8
367,E45,THR,1.7
368,E46,VAL,0.7
369,E47,ALA,0.2
370,E48,LEU,0.1
371,E49,ARG,0.9
372,E50,GLU,0.3
373,E51,ILE,0.0
374,E52,ARG,0.8
375,E53,ARG,0.7
376,E54,PHE,0.2
377,E55,GLN,0.1
378,E56,LYS,1.0
379,E57,SER,0.2
380,E58,THR,0.1
381,E59,GLU,0.4
382,E60,LEU,0.6
383,E61,LEU,0.1
384,E62,ILE,0.1
385,E63,ARG,1.3
386,E64,LYS,0.9
387,E65,LEU,0.1
388,E66,PRO,0.0
389,E67,PHE,0.0
390,E68,GLN,0.1
391,E69,ARG,1.6
392,E70,LEU,0.1
393,E71,VAL,0.0
394,E72,ARG,1.3
395,E73,GLU,1.3
396,E74,ILE,0.4
397,E75,ALA,0.0
398,E76,GLN,1.0
399,E77,ASP,1.2
400,E78,PHE,0.2
401,E79,LYS,0.9
402,E80,THR,0.8
403,E81,ASP,1.6
404,E82,LEU,0.1
405,E83,ARG,1.5
406,E84,PHE,0.1
407,E85,GLN,0.1
408,E86,SER,0.2
409,E87,SER,0.0
410,E88,ALA,0.0
411,E89,ILE,0.0
412,E90,GLY,0.0
413,E91,ALA,0.0
414,E92,LEU,0.0
415,E93,GLN,0.0
416,E94,GLU,0.2
417,E95,SER,0.1
418,E96,VAL,0.0
419,E97,GLU,0.0
420,E98,ALA,0.2
421,E99,TYR,0.1
422,E100,LEU,0.2
423,E101,VAL,0.0
424,E102,SER,0.3
425,E103,LEU,0.3
426,E104,PHE,0.1
427,E105,GLU,0.9
428,E106,ASP,0.1
429,E107,THR,0.1
430,E108,ASN,0.1
431,E109,LEU,0.0
432,E110,ALA,0.0
433,E111,ALA,0.0
434,E112,ILE,0.0
435,E113,HIS,0.4
436,E114,ALA,0.1
437,E115,LYS,2.7
438,E116,ARG,0.6
439,E117,VAL,0.4
440,E118,THR,0.0
441,E119,ILE,0.1
442,E120,GLN,0.6
443,E121,LYS,0.5
444,E122,LYS,0.6
445,E123,GLU,0.0
446,E124,ILE,0.3
447,E125,LYS,1.1
448,E126,LEU,0.1
449,E127,ALA,0.0
450,E128,ARG,0.5
451,E129,ARG,1.4
452,E130,LEU,0.1
453,E131,ARG,0.5
454,E132,GLY,0.1
455,E133,GLU,0.2
456,E134,ARG,4.4
457,F24,ASP,4.0
458,F25,ASN,0.8
459,F26,ILE,0.4
460,F27,GLN,0.6
461,F28,GLY,0.0
462,F29,ILE,0.1
463,F30,THR,0.3
464,F31,LYS,1.2
465,F32,PRO,0.2
466,F33,ALA,0.0
467,F34,ILE,0.0
468,F35,ARG,1.1
469,F36,ARG,0.4
470,F37,LEU,0.0
471,F38,ALA,0.0
472,F39,ARG,0.1
473,F40,ARG,0.2
474,F41,GLY,0.0
475,F42,GLY,0.0
476,F43,VAL,0.0
477,F44,LYS,1.2
478,F45,ARG,2.0
479,F46,ILE,0.1
480,F47,SER,0.1
481,F48,GLY,0.1
482,F49,LEU,0.2
483,F50,ILE,0.0
484,F51,TYR,0.1
485,F52,GLU,0.6
486,F53,GLU,0.1
487,F54,VAL,0.3
488,F55,ARG,0.5
489,F56,ALA,0.3
490,F57,VAL,0.2
491,F58,LEU,0.1
492,F59,LYS,1.0
493,F60,SER,0.3
494,F61,PHE,0.1
495,F62,LEU,0.1
496,F63,GLU,0.4
497,F64,SER,0.1
498,F65,VAL,0.0
499,F66,ILE,0.0
500,F67,ARG,1.2
501,F68,ASP,0.1
502,F69,SER,0.1
503,F70,VAL,0.1
504,F71,THR,0.0
505,F72,TYR,0.2
506,F73,THR,0.0
507,F74,GLU,1.3
508,F75,HIS,0.1
509,F76,ALA,0.2
510,F77,LYS,1.4
511,F78,ARG,0.6
512,F79,LYS,1.7
513,F80,THR,0.1
514,F81,VAL,0.1
515,F82,THR,0.0
516,F83,SER,0.0
517,F84,LEU,0.1
518,F85,ASP,0.0
519,F86,VAL,0.0
520,F87,VAL,0.0
521,F88,TYR,0.3
522,F89,ALA,0.0
523,F90,LEU,0.1
524,F91,LYS,1.2
525,F92,ARG,1.2
526,F93,GLN,0.3
527,F94,GLY,0.1
528,F95,ARG,1.4
529,F96,THR,0.1
530,F97,LEU,0.1
531,F98,TYR,0.1
532,F99,GLY,0.1
533,F100,PHE,0.3
534,F101,GLY,0.4
535,F102,GLY,0.5
536,G16,GLN,4.0
537,G17,SER,0.6
538,G18,ARG,1.7
539,G19,SER,0.1
540,G20,ALA,0.1
541,G21,LYS,2.4
542,G22,ALA,0.1
543,G23,GLY,0.2
544,G24,LEU,0.5
545,G25,THR,1.1
546,G26,PHE,0.1
547,G27,PRO,0.1
548,G28,VAL,0.1
549,G29,GLY,0.2
550,G30,ARG,0.7
551,G31,VAL,0.0
552,G32,HIS,0.2
553,G33,ARG,0.8
554,G34,LEU,0.4
555,G35,LEU,0.3
556,G36,ARG,1.3
557,G37,ARG,2.5
558,G38,GLY,0.3
559,G39,ASN,0.5
560,G40,TYR,0.9
561,G41,ALA,0.2
562,G42,GLN,0.5
563,G43,ARG,0.8
564,G44,ILE,0.2
565,G45,GLY,0.0
566,G46,SER,0.4
567,G47,GLY,0.1
568,G48,ALA,0.0
569,G49,PRO,0.0
570,G50,VAL,0.1
571,G51,TYR,0.0
572,G52,LEU,0.1
573,G53,THR,0.0
574,G54,ALA,0.2
575,G55,VAL,0.1
576,G56,LEU,0.1
577,G57,GLU,0.3
578,G58,TYR,0.5
579,G59,LEU,0.2
580,G60,ALA,0.0
581,G61,ALA,0.0
582,G62,GLU,0.8
583,G63,ILE,0.3
584,G64,LEU,0.1
585,G65,GLU,0.7
586,G66,LEU,0.6
587,G67,ALA,0.0
588,G68,GLY,0.0
589,G69,ASN,0.4
590,G70,ALA,0.2
591,G71,ALA,0.0
592,G72,ARG,0.3
593,G73,ASP,1.7
594,G74,ASN,0.6
595,G75,LYS,0.9
596,G76,LYS,1.2
597,G77,THR,1.1
598,G78,ARG,1.5
599,G79,ILE,0.1
600,G80,ILE,0.4
601,G81,PRO,0.2
602,G82,ARG,0.6
603,G83,HIS,0.1
604,G84,LEU,0.5
605,G85,GLN,0.2
606,G86,LEU,0.6
607,G87,ALA,0.1
608,G88,ILE,0.3
609,G89,ARG,0.3
610,G90,ASN,0.6
611,G91,ASP,0.4
612,G92,ASP,2.5
613,G93,GLU,0.9
614,G94,LEU,0.1
615,G95,ASN,0.3
616,G96,LYS,2.8
617,G97,LEU,0.1
618,G98,LEU,0.0
619,G99,GLY,0.2
620,G100,ASN,0.6
621,G101,VAL,0.0
622,G102,THR,0.4
623,G103,ILE,0.2
624,G104,ALA,0.1
625,G105,GLN,0.4
626,G106,GLY,0.0
627,G107,GLY,0.3
628,G108,VAL,0.7
629,G109,LEU,0.4
630,G110,PRO,0.1
631,G111,ASN,0.8
632,G112,ILE,0.2
633,G113,HIS,0.4
634,G114,GLN,0.3
635,G115,ASN,0.2
636,G116,LEU,0.1
637,G117,LEU,0.5
638,G118,PRO,0.3
639,G119,LYS,1.4
640,G120,LYS,3.9
641,H35,VAL,0.9
642,H36,ARG,1.2
643,H37,LYS,1.4
644,H38,GLU,0.3
645,H39,THR,0.2
646,H40,TYR,0.2
647,H41,SER,0.1
648,H42,SER,0.2
649,H43,TYR,0.8
650,H44,ILE,0.0
651,H45,TYR,0.4
652,H46,LYS,1.3
653,H47,VAL,0.0
654,H48,LEU,0.0
655,H49,LYS,0.5
656,H50,GLN,0.8
657,H51,THR,0.3
658,H52,HIS,0.7
659,H53,PRO,0.2
660,H54,ASP,1.5
661,H55,THR,0.0
662,H56,GLY,0.1
663,H57,ILE,0.0
664,H58,SER,0.1
665,H59,GLN,0.3
666,H60,LYS,0.6
667,H61,SER,0.0
668,H62,MET,0.1
669,H63,SER,0.1
670,H64,ILE,0.4
671,H65,LEU,0.0
672,H66,ASN,0.3
673,H67,SER,0.2
674,H68,PHE,0.1
675,H69,VAL,0.1
676,H70,ASN,0.6
677,H71,ASP,0.3
678,H72,ILE,0.1
679,H73,PHE,0.1
680,H74,GLU,1.2
681,H75,ARG,0.6
682,H76,ILE,0.2
683,H77,ALA,0.2
684,H78,THR,0.3
685,H79,GLU,0.1
686,H80,ALA,0.1
687,H81,SER,0.1
688,H82,LYS,0.9
689,H83,LEU,0.0
690,H84,ALA,0.0
691,H85,ALA,0.3
692,H86,TYR,0.6
693,H87,ASN,0.3
694,H88,LYS,1.4
695,H89,LYS,0.9
696,H90,SER,0.3
697,H91,THR,0.0
698,H92,ILE,0.2
699,H93,SER,0.1
700,H94,ALA,0.1
701,H95,ARG,0.9
702,H96,GLU,0.0
703,H97,ILE,0.2
704,H98,GLN,0.1
705,H99,THR,0.0
706,H100,ALA,0.0
707,H101,VAL,0.0
708,H102,ARG,1.7
709,H103,LEU,0.1
710,H104,ILE,0.3
711,H105,LEU,0.3
712,H106,PRO,0.2
713,H107,GLY,0.5
714,H108,GLU,0.9
715,H109,LEU,0.1
716,H110,ALA,0.0
717,H111,LYS,1.0
718,H112,HIS,0.4
719,H113,ALA,0.0
720,H114,VAL,0.0
721,H115,SER,0.1
722,H116,GLU,1.1
723,H117,GLY,0.0
724,H118,THR,0.0
725,H119,ARG,1.3
726,H120,ALA,0.0
727,H121,VAL,0.1
728,H122,THR,0.1
729,H123,LYS,0.4
730,H124,TYR,0.6
731,H125,SER,0.2
732,H126,SER,0.2
733,H127,SER,0.7
734,H128,THR,0.4
735,H129,GLN,1.0
736,H130,ALA,1.9
,,,
