DNA,,,,,Protein,,,
Chain ,Resname,Parch Value,,,ChainID,Resname,Parch Value,
,,BB,NB,,,,,
I-61,DC,2.1,0.6,,A59,GLU,0.8,
I-60,DC,6.3,0.2,,A60,LEU,0.3,
I-59,DG,6.7,0.1,,A61,LEU,0.2,
I-58,DG,2.6,0.4,,A62,ILE,0.1,
I-57,DT,1.8,0.7,,A63,ARG,0.5,
I-56,DG,2.2,0.5,,A64,LYS,0.1,
I-55,DC,1.5,0.3,,A65,LEU,0.0,
I-54,DC,1.9,0.1,,A66,PRO,0.0,
I-53,DG,3.4,0.3,,A67,PHE,0.0,
I-52,DA,6.8,0.3,,A68,GLN,0.0,
I-51,DG,8.9,0.7,,A69,ARG,0.3,
I-50,DG,7.9,0.5,,A70,LEU,0.0,
I-49,DC,6.3,0.2,,A71,VAL,0.0,
I-48,DC,5.2,0.2,,A72,ARG,0.5,
I-47,DG,3.9,0.5,,A73,GLU,0.6,
I-46,DC,1.5,0.4,,A74,ILE,0.0,
I-45,DT,1.3,0.3,,A75,ALA,0.0,
I-44,DC,1.4,0.1,,A76,GLN,0.3,
I-43,DA,1.5,0.3,,A77,ASP,0.7,
I-42,DA,2.7,0.3,,A78,PHE,0.1,
I-41,DT,5.5,0.2,,A79,LYS,0.5,
I-40,DT,9.0,0.2,,A80,THR,0.1,
I-39,DG,8.4,0.3,,A81,ASP,0.3,
I-38,DG,4.9,0.1,,A82,LEU,0.1,
I-37,DT,2.2,0.2,,A83,ARG,0.4,
I-36,DC,1.1,0.1,,A84,PHE,0.2,
I-35,DG,0.7,0.1,,A85,GLN,0.1,
I-34,DT,0.7,0.1,,A86,SER,0.2,
I-33,DA,2.1,0.2,,A87,SER,0.1,
I-32,DG,1.7,0.5,,A88,ALA,0.0,
I-31,DA,5.4,0.3,,A89,VAL,0.0,
I-30,DC,7.7,0.1,,A90,MET,0.0,
I-29,DA,6.7,0.2,,A91,ALA,0.0,
I-28,DG,5.3,0.1,,A92,LEU,0.0,
I-27,DC,3.9,0.1,,A93,GLN,0.0,
I-26,DT,1.7,0.3,,A94,GLU,0.8,
I-25,DC,1.3,0.2,,A95,ALA,0.0,
I-24,DT,1.3,0.2,,A96,CYS,0.0,
I-23,DA,1.4,0.8,,A97,GLU,0.7,
I-22,DG,2.1,0.8,,A98,ALA,0.0,
I-21,DC,3.9,0.4,,A99,TYR,0.1,
I-20,DA,5.6,0.4,,A100,LEU,0.0,
I-19,DC,6.2,0.1,,A101,VAL,0.0,
I-18,DC,5.9,0.1,,A102,GLY,0.1,
I-17,DG,4.5,0.1,,A103,LEU,0.0,
I-16,DC,2.4,0.2,,A104,PHE,0.0,
I-15,DT,0.8,0.3,,A105,GLU,0.9,
I-14,DT,0.2,0.1,,A106,ASP,0.3,
I-13,DA,0.3,0.1,,A107,THR,0.0,
I-12,DA,1.4,0.1,,A108,ASN,0.1,
I-11,DA,5.1,0.1,,A109,LEU,0.1,
I-10,DC,5.7,0.1,,A110,CYS,0.1,
I-9,DG,5.2,0.4,,A111,ALA,0.0,
I-8,DC,6.8,0.1,,A112,ILE,0.2,
I-7,DA,5.6,0.1,,A113,HIS,0.1,
I-6,DC,4.7,0.3,,A114,ALA,0.1,
I-5,DG,3.1,0.2,,A115,LYS,0.8,
I-4,DT,0.9,0.1,,A116,ARG,0.5,
I-3,DA,0.4,0.1,,A117,VAL,0.1,
I-2,DC,1.9,0.2,,A118,THR,0.0,
I-1,DG,2.8,0.5,,A119,ILE,0.0,
I0,DC,4.6,0.2,,A120,MET,0.2,
I1,DG,7.0,0.3,,A121,PRO,0.0,
I2,DC,5.4,0.1,,A122,LYS,0.7,
I3,DT,5.5,0.1,,A123,ASP,0.0,
I4,DG,4.2,0.1,,A124,ILE,0.0,
I5,DT,2.3,0.1,,A125,GLN,0.2,
I6,DC,0.9,0.1,,A126,LEU,0.0,
I7,DC,0.5,0.1,,A127,ALA,0.1,
I8,DC,1.0,0.2,,A128,ARG,0.5,
I9,DC,2.1,0.3,,A129,ARG,0.2,
I10,DC,4.4,0.1,,A130,ILE,0.0,
I11,DG,5.2,0.2,,A131,ARG,0.3,
I12,DC,6.5,0.1,,A132,GLY,0.1,
I13,DG,7.4,0.4,,A133,GLU,0.4,
I14,DT,5.4,0.2,,A134,ARG,1.4,
I15,DT,4.4,0.0,,B23,ARG,2.3,
I16,DT,1.9,0.1,,B24,ASP,0.6,
I17,DT,1.1,0.1,,B25,ASN,0.2,
I18,DA,1.2,0.0,,B26,ILE,0.0,
I19,DA,1.2,0.2,,B27,GLN,0.1,
I20,DC,3.2,0.4,,B28,GLY,0.0,
I21,DC,4.0,0.3,,B29,ILE,0.0,
I22,DG,5.7,0.3,,B30,THR,0.0,
I23,DC,6.4,0.1,,B31,LYS,1.4,
I24,DC,4.7,0.1,,B32,PRO,0.0,
I25,DA,5.8,0.1,,B33,ALA,0.0,
I26,DA,3.5,0.2,,B34,ILE,0.0,
I27,DG,1.9,0.3,,B35,ARG,0.7,
I28,DG,0.7,0.4,,B36,ARG,0.4,
I29,DG,1.3,0.6,,B37,LEU,0.0,
I30,DG,1.6,0.8,,B38,ALA,0.0,
I31,DA,3.1,0.5,,B39,ARG,0.5,
I32,DT,6.3,0.1,,B40,ARG,0.4,
I33,DT,7.0,0.1,,B41,GLY,0.0,
I34,DA,5.3,0.1,,B42,GLY,0.0,
I35,DC,5.0,0.1,,B43,VAL,0.0,
I36,DT,4.4,0.2,,B44,LYS,0.4,
I37,DC,1.8,0.2,,B45,ARG,0.2,
I38,DC,0.5,0.1,,B46,ILE,0.1,
I39,DC,0.7,0.0,,B47,SER,0.0,
I40,DT,1.4,0.1,,B48,GLY,0.2,
I41,DA,2.0,0.3,,B49,LEU,0.0,
I42,DG,4.9,0.4,,B50,ILE,0.0,
I43,DT,8.5,0.3,,B51,TYR,0.2,
I44,DC,7.8,0.3,,B52,GLU,0.2,
I45,DT,6.2,0.2,,B53,GLU,0.7,
I46,DC,4.2,0.1,,B54,THR,0.0,
I47,DC,1.6,0.1,,B55,ARG,0.3,
I48,DA,0.7,0.1,,B56,GLY,0.0,
I49,DG,1.1,0.2,,B57,VAL,0.0,
I50,DG,2.3,0.3,,B58,LEU,0.0,
I51,DC,2.1,0.2,,B59,LYS,0.1,
I52,DA,4.3,0.5,,B60,VAL,0.2,
I53,DC,6.4,0.2,,B61,PHE,0.0,
I54,DG,7.5,0.4,,B62,LEU,0.0,
I55,DT,7.3,0.2,,B63,GLU,0.1,
I56,DG,4.5,0.3,,B64,ASN,0.1,
I57,DT,2.1,0.3,,B65,VAL,0.0,
I58,DC,2.6,0.5,,B66,ILE,0.0,
I59,DA,1.2,0.4,,B67,ARG,0.3,
J-59,DT,1.0,0.4,,B68,ASP,0.1,
J-58,DG,3.9,1.1,,B69,ALA,0.0,
J-57,DA,3.4,1.0,,B70,VAL,0.0,
J-56,DC,2.1,0.2,,B71,THR,0.0,
J-55,DA,0.5,0.1,,B72,TYR,0.1,
J-54,DC,1.2,0.2,,B73,THR,0.0,
J-53,DG,2.5,0.4,,B74,GLU,0.6,
J-52,DT,4.3,0.4,,B75,HIS,0.1,
J-51,DG,7.7,0.3,,B76,ALA,0.2,
J-50,DC,5.5,0.3,,B77,LYS,0.6,
J-49,DC,5.1,0.1,,B78,ARG,0.3,
J-48,DT,5.0,0.3,,B79,LYS,0.5,
J-47,DG,4.4,0.6,,B80,THR,0.0,
J-46,DG,1.9,0.3,,B81,VAL,0.0,
J-45,DA,2.0,0.3,,B82,THR,0.0,
J-44,DG,0.9,0.4,,B83,ALA,0.0,
J-43,DA,1.8,0.3,,B84,MET,0.0,
J-42,DC,3.5,0.2,,B85,ASP,0.0,
J-41,DT,6.6,0.2,,B86,VAL,0.0,
J-40,DA,7.1,0.2,,B87,VAL,0.0,
J-39,DG,6.5,0.2,,B88,TYR,0.1,
J-38,DG,6.5,0.5,,B89,ALA,0.0,
J-37,DG,3.7,0.3,,B90,LEU,0.0,
J-36,DA,1.5,0.2,,B91,LYS,0.7,
J-35,DG,1.0,0.1,,B92,ARG,0.7,
J-34,DT,0.4,0.1,,B93,GLN,0.1,
J-33,DA,1.4,0.1,,B94,GLY,0.0,
J-32,DA,2.4,0.3,,B95,ARG,0.7,
J-31,DT,3.2,0.6,,B96,THR,0.7,
J-30,DC,5.9,0.4,,C59,GLU,1.1,
J-29,DC,7.1,0.4,,C60,LEU,0.4,
J-28,DC,5.0,0.1,,C61,LEU,0.2,
J-27,DC,3.5,0.1,,C62,ILE,0.0,
J-26,DT,1.7,0.2,,C63,ARG,0.7,
J-25,DT,1.3,0.2,,C64,LYS,0.2,
J-24,DG,0.6,0.2,,C65,LEU,0.1,
J-23,DG,0.3,0.2,,C66,PRO,0.1,
J-22,DC,1.6,0.2,,C67,PHE,0.0,
J-21,DG,4.8,0.9,,C68,GLN,0.1,
J-20,DG,7.7,0.3,,C69,ARG,0.5,
J-19,DT,7.1,0.1,,C70,LEU,0.0,
J-18,DT,5.7,0.1,,C71,VAL,0.0,
J-17,DA,4.9,0.1,,C72,ARG,0.5,
J-16,DA,2.4,0.1,,C73,GLU,0.0,
J-15,DA,1.6,0.2,,C74,ILE,0.0,
J-14,DA,0.7,0.1,,C75,ALA,0.0,
J-13,DC,0.5,0.1,,C76,GLN,0.1,
J-12,DG,2.0,0.2,,C77,ASP,1.3,
J-11,DC,4.5,0.1,,C78,PHE,0.8,
J-10,DG,7.8,0.3,,C79,LYS,0.4,
J-9,DG,8.0,0.5,,C80,THR,0.3,
J-8,DG,9.1,0.3,,C81,ASP,0.3,
J-7,DG,7.6,0.2,,C82,LEU,0.0,
J-6,DG,4.5,0.1,,C83,ARG,0.3,
J-5,DA,1.7,0.1,,C84,PHE,0.1,
J-4,DC,0.6,0.1,,C85,GLN,0.1,
J-3,DA,0.3,0.1,,C86,SER,0.2,
J-2,DG,1.1,0.1,,C87,SER,0.1,
J-1,DC,2.4,0.1,,C88,ALA,0.0,
J0,DG,4.2,0.5,,C89,VAL,0.0,
J1,DC,7.2,0.2,,C90,MET,0.0,
J2,DG,6.9,0.4,,C91,ALA,0.0,
J3,DT,5.8,0.2,,C92,LEU,0.0,
J4,DA,4.8,0.1,,C93,GLN,0.0,
J5,DC,3.4,0.2,,C94,GLU,0.3,
J6,DG,1.3,0.3,,C95,ALA,0.0,
J7,DT,0.7,0.1,,C96,CYS,0.0,
J8,DG,1.8,0.3,,C97,GLU,0.1,
J9,DC,2.4,0.2,,C98,ALA,0.0,
J10,DG,3.9,0.1,,C99,TYR,0.0,
J11,DT,5.1,0.1,,C100,LEU,0.0,
J12,DT,6.2,0.1,,C101,VAL,0.0,
J13,DT,8.4,0.2,,C102,GLY,0.1,
J14,DA,7.9,0.3,,C103,LEU,0.2,
J15,DA,6.0,0.4,,C104,PHE,0.0,
J16,DG,2.4,0.2,,C105,GLU,0.6,
J17,DC,0.9,0.1,,C106,ASP,0.1,
J18,DG,1.4,0.1,,C107,THR,0.0,
J19,DG,0.9,0.3,,C108,ASN,0.1,
J20,DT,3.6,1.1,,C109,LEU,0.0,
J21,DG,4.2,0.8,,C110,CYS,0.0,
J22,DC,4.3,0.2,,C111,ALA,0.0,
J23,DT,7.0,0.3,,C112,ILE,0.1,
J24,DA,9.1,0.3,,C113,HIS,0.1,
J25,DG,6.8,0.3,,C114,ALA,0.0,
J26,DA,3.9,0.2,,C115,LYS,0.6,
J27,DG,1.0,0.2,,C116,ARG,0.5,
J28,DC,0.9,0.1,,C117,VAL,0.2,
J29,DT,2.5,0.2,,C118,THR,0.0,
J30,DG,2.5,0.4,,C119,ILE,0.0,
J31,DT,2.4,0.3,,C120,MET,0.1,
J32,DC,5.0,0.1,,C121,PRO,0.0,
J33,DT,6.5,0.1,,C122,LYS,0.4,
J34,DA,5.8,0.1,,C123,ASP,0.0,
J35,DC,6.5,0.1,,C124,ILE,0.0,
J36,DG,4.2,0.2,,C125,GLN,0.1,
J37,DA,1.5,0.2,,C126,LEU,0.0,
J38,DC,0.4,0.1,,C127,ALA,0.0,
J39,DC,0.4,0.0,,C128,ARG,0.3,
J40,DA,0.7,0.3,,C129,ARG,0.7,
J41,DA,2.0,0.2,,C130,ILE,0.1,
J42,DT,5.8,0.2,,C131,ARG,0.7,
J43,DT,7.8,0.3,,C132,GLY,0.0,
J44,DG,6.3,0.2,,C133,GLU,0.4,
J45,DA,6.7,0.1,,C134,ARG,1.4,
J46,DG,4.2,0.5,,C135,ALA,0.6,
J47,DC,3.1,0.4,,D25,ASN,0.3,
J48,DG,1.2,0.2,,D26,ILE,0.0,
J49,DG,0.3,0.2,,D27,GLN,0.1,
J50,DC,1.1,0.2,,D28,GLY,0.0,
J51,DC,2.1,0.2,,D29,ILE,0.0,
J52,DT,5.8,0.5,,D30,THR,0.1,
J53,DC,10.1,0.4,,D31,LYS,0.7,
J54,DG,8.8,0.5,,D32,PRO,0.1,
J55,DG,7.5,0.3,,D33,ALA,0.0,
J56,DC,5.0,0.2,,D34,ILE,0.0,
J57,DA,4.0,0.3,,D35,ARG,0.2,
J58,DC,6.0,0.2,,D36,ARG,0.8,
J59,DC,4.0,0.3,,D37,LEU,0.0,
J60,DG,1.8,0.5,,D38,ALA,0.0,
J61,DG,1.0,0.9,,D39,ARG,0.2,
,,,,,D40,ARG,0.3,
,,,,,D41,GLY,0.0,
,,,,,D42,GLY,0.0,
,,,,,D43,VAL,0.0,
,,,,,D44,LYS,0.7,
,,,,,D45,ARG,0.3,
,,,,,D46,ILE,0.1,
,,,,,D47,SER,0.0,
,,,,,D48,GLY,0.0,
,,,,,D49,LEU,0.0,
,,,,,D50,ILE,0.0,
,,,,,D51,TYR,0.0,
,,,,,D52,GLU,0.4,
,,,,,D53,GLU,0.3,
,,,,,D54,THR,0.0,
,,,,,D55,ARG,0.1,
,,,,,D56,GLY,0.0,
,,,,,D57,VAL,0.0,
,,,,,D58,LEU,0.0,
,,,,,D59,LYS,0.2,
,,,,,D60,VAL,0.1,
,,,,,D61,PHE,0.0,
,,,,,D62,LEU,0.0,
,,,,,D63,GLU,0.1,
,,,,,D64,ASN,0.1,
,,,,,D65,VAL,0.0,
,,,,,D66,ILE,0.0,
,,,,,D67,ARG,0.5,
,,,,,D68,ASP,0.6,
,,,,,D69,ALA,0.0,
,,,,,D70,VAL,0.0,
,,,,,D71,THR,0.2,
,,,,,D72,TYR,0.2,
,,,,,D73,THR,0.0,
,,,,,D74,GLU,0.3,
,,,,,D75,HIS,0.3,
,,,,,D76,ALA,0.0,
,,,,,D77,LYS,0.4,
,,,,,D78,ARG,1.2,
,,,,,D79,LYS,0.1,
,,,,,D80,THR,0.0,
,,,,,D81,VAL,0.0,
,,,,,D82,THR,0.0,
,,,,,D83,ALA,0.0,
,,,,,D84,MET,0.0,
,,,,,D85,ASP,0.1,
,,,,,D86,VAL,0.0,
,,,,,D87,VAL,0.0,
,,,,,D88,TYR,0.2,
,,,,,D89,ALA,0.0,
,,,,,D90,LEU,0.0,
,,,,,D91,LYS,0.9,
,,,,,D92,ARG,1.5,
,,,,,D93,GLN,0.1,
,,,,,D94,GLY,0.1,
,,,,,D95,ARG,2.7,
,,,,,E59,GLU,1.7,
,,,,,E60,LEU,0.2,
,,,,,E61,LEU,0.3,
,,,,,E62,ILE,0.1,
,,,,,E63,ARG,0.7,
,,,,,E64,LYS,0.7,
,,,,,E65,LEU,0.0,
,,,,,E66,PRO,0.0,
,,,,,E67,PHE,0.0,
,,,,,E68,GLN,0.0,
,,,,,E69,ARG,0.1,
,,,,,E70,LEU,0.1,
,,,,,E71,VAL,0.0,
,,,,,E72,ARG,0.1,
,,,,,E73,GLU,0.0,
,,,,,E74,ILE,0.0,
,,,,,E75,ALA,0.0,
,,,,,E76,GLN,0.1,
,,,,,E77,ASP,0.9,
,,,,,E78,PHE,0.2,
,,,,,E79,LYS,0.5,
,,,,,E80,THR,0.3,
,,,,,E81,ASP,0.9,
,,,,,E82,LEU,0.1,
,,,,,E83,ARG,0.3,
,,,,,E84,PHE,0.0,
,,,,,E85,GLN,0.1,
,,,,,E86,SER,0.1,
,,,,,E87,SER,0.0,
,,,,,E88,ALA,0.0,
,,,,,E89,VAL,0.0,
,,,,,E90,MET,0.0,
,,,,,E91,ALA,0.0,
,,,,,E92,LEU,0.0,
,,,,,E93,GLN,0.0,
,,,,,E94,GLU,1.1,
,,,,,E95,ALA,0.0,
,,,,,E96,CYS,0.0,
,,,,,E97,GLU,0.5,
,,,,,E98,ALA,0.0,
,,,,,E99,TYR,0.1,
,,,,,E100,LEU,0.0,
,,,,,E101,VAL,0.0,
,,,,,E102,GLY,0.0,
,,,,,E103,LEU,0.0,
,,,,,E104,PHE,0.0,
,,,,,E105,GLU,0.8,
,,,,,E106,ASP,0.3,
,,,,,E107,THR,0.0,
,,,,,E108,ASN,0.0,
,,,,,E109,LEU,0.0,
,,,,,E110,CYS,0.0,
,,,,,E111,ALA,0.0,
,,,,,E112,ILE,0.0,
,,,,,E113,HIS,0.1,
,,,,,E114,ALA,0.1,
,,,,,E115,LYS,0.6,
,,,,,E116,ARG,0.3,
,,,,,E117,VAL,0.2,
,,,,,E118,THR,0.0,
,,,,,E119,ILE,0.0,
,,,,,E120,MET,0.0,
,,,,,E121,PRO,0.0,
,,,,,E122,LYS,0.3,
,,,,,E123,ASP,0.0,
,,,,,E124,ILE,0.0,
,,,,,E125,GLN,0.1,
,,,,,E126,LEU,0.0,
,,,,,E127,ALA,0.0,
,,,,,E128,ARG,0.2,
,,,,,E129,ARG,0.5,
,,,,,E130,ILE,0.0,
,,,,,E131,ARG,0.9,
,,,,,E132,GLY,0.2,
,,,,,E133,GLU,1.6,
,,,,,E134,ARG,2.3,
,,,,,F24,ASP,0.5,
,,,,,F25,ASN,0.0,
,,,,,F26,ILE,0.0,
,,,,,F27,GLN,0.3,
,,,,,F28,GLY,0.0,
,,,,,F29,ILE,0.0,
,,,,,F30,THR,0.1,
,,,,,F31,LYS,0.4,
,,,,,F32,PRO,0.0,
,,,,,F33,ALA,0.0,
,,,,,F34,ILE,0.0,
,,,,,F35,ARG,0.3,
,,,,,F36,ARG,0.2,
,,,,,F37,LEU,0.0,
,,,,,F38,ALA,0.0,
,,,,,F39,ARG,0.4,
,,,,,F40,ARG,0.4,
,,,,,F41,GLY,0.0,
,,,,,F42,GLY,0.0,
,,,,,F43,VAL,0.0,
,,,,,F44,LYS,0.9,
,,,,,F45,ARG,0.4,
,,,,,F46,ILE,0.0,
,,,,,F47,SER,0.0,
,,,,,F48,GLY,0.0,
,,,,,F49,LEU,0.1,
,,,,,F50,ILE,0.0,
,,,,,F51,TYR,0.1,
,,,,,F52,GLU,0.2,
,,,,,F53,GLU,0.4,
,,,,,F54,THR,0.0,
,,,,,F55,ARG,0.0,
,,,,,F56,GLY,0.0,
,,,,,F57,VAL,0.0,
,,,,,F58,LEU,0.0,
,,,,,F59,LYS,0.2,
,,,,,F60,VAL,0.1,
,,,,,F61,PHE,0.0,
,,,,,F62,LEU,0.0,
,,,,,F63,GLU,0.2,
,,,,,F64,ASN,0.0,
,,,,,F65,VAL,0.0,
,,,,,F66,ILE,0.0,
,,,,,F67,ARG,0.2,
,,,,,F68,ASP,0.2,
,,,,,F69,ALA,0.0,
,,,,,F70,VAL,0.0,
,,,,,F71,THR,0.1,
,,,,,F72,TYR,0.1,
,,,,,F73,THR,0.0,
,,,,,F74,GLU,0.5,
,,,,,F75,HIS,0.3,
,,,,,F76,ALA,0.0,
,,,,,F77,LYS,0.8,
,,,,,F78,ARG,1.4,
,,,,,F79,LYS,0.7,
,,,,,F80,THR,0.2,
,,,,,F81,VAL,0.0,
,,,,,F82,THR,0.1,
,,,,,F83,ALA,0.0,
,,,,,F84,MET,0.0,
,,,,,F85,ASP,0.0,
,,,,,F86,VAL,0.0,
,,,,,F87,VAL,0.0,
,,,,,F88,TYR,0.1,
,,,,,F89,ALA,0.0,
,,,,,F90,LEU,0.0,
,,,,,F91,LYS,0.3,
,,,,,F92,ARG,0.4,
,,,,,F93,GLN,0.0,
,,,,,F94,GLY,0.4,
,,,,,G59,GLU,1.7,
,,,,,G60,LEU,0.1,
,,,,,G61,LEU,0.1,
,,,,,G62,ILE,0.0,
,,,,,G63,ARG,0.4,
,,,,,G64,LYS,0.2,
,,,,,G65,LEU,0.0,
,,,,,G66,PRO,0.1,
,,,,,G67,PHE,0.0,
,,,,,G68,GLN,0.0,
,,,,,G69,ARG,0.4,
,,,,,G70,LEU,0.0,
,,,,,G71,VAL,0.0,
,,,,,G72,ARG,0.3,
,,,,,G73,GLU,0.3,
,,,,,G74,ILE,0.0,
,,,,,G75,ALA,0.0,
,,,,,G76,GLN,0.1,
,,,,,G77,ASP,0.9,
,,,,,G78,PHE,0.2,
,,,,,G79,LYS,0.2,
,,,,,G80,THR,0.2,
,,,,,G81,ASP,0.7,
,,,,,G82,LEU,0.1,
,,,,,G83,ARG,0.2,
,,,,,G84,PHE,0.1,
,,,,,G85,GLN,0.0,
,,,,,G86,SER,0.0,
,,,,,G87,SER,0.0,
,,,,,G88,ALA,0.0,
,,,,,G89,VAL,0.0,
,,,,,G90,MET,0.0,
,,,,,G91,ALA,0.0,
,,,,,G92,LEU,0.0,
,,,,,G93,GLN,0.0,
,,,,,G94,GLU,0.2,
,,,,,G95,ALA,0.0,
,,,,,G96,CYS,0.0,
,,,,,G97,GLU,0.0,
,,,,,G98,ALA,0.0,
,,,,,G99,TYR,0.2,
,,,,,G100,LEU,0.0,
,,,,,G101,VAL,0.0,
,,,,,G102,GLY,0.0,
,,,,,G103,LEU,0.0,
,,,,,G104,PHE,0.0,
,,,,,G105,GLU,0.7,
,,,,,G106,ASP,0.0,
,,,,,G107,THR,0.0,
,,,,,G108,ASN,0.0,
,,,,,G109,LEU,0.0,
,,,,,G110,CYS,0.0,
,,,,,G111,ALA,0.0,
,,,,,G112,ILE,0.0,
,,,,,G113,HIS,0.1,
,,,,,G114,ALA,0.0,
,,,,,G115,LYS,0.8,
,,,,,G116,ARG,0.5,
,,,,,G117,VAL,0.3,
,,,,,G118,THR,0.1,
,,,,,G119,ILE,0.0,
,,,,,G120,MET,0.1,
,,,,,G121,PRO,0.0,
,,,,,G122,LYS,0.6,
,,,,,G123,ASP,0.2,
,,,,,G124,ILE,0.0,
,,,,,G125,GLN,0.1,
,,,,,G126,LEU,0.0,
,,,,,G127,ALA,0.0,
,,,,,G128,ARG,0.0,
,,,,,G129,ARG,0.3,
,,,,,G130,ILE,0.0,
,,,,,G131,ARG,0.1,
,,,,,G132,GLY,0.0,
,,,,,G133,GLU,0.1,
,,,,,G134,ARG,1.2,
,,,,,G135,ALA,0.4,
,,,,,H24,ASP,0.5,
,,,,,H25,ASN,0.1,
,,,,,H26,ILE,0.4,
,,,,,H27,GLN,0.1,
,,,,,H28,GLY,0.0,
,,,,,H29,ILE,0.0,
,,,,,H30,THR,0.1,
,,,,,H31,LYS,0.9,
,,,,,H32,PRO,0.0,
,,,,,H33,ALA,0.0,
,,,,,H34,ILE,0.0,
,,,,,H35,ARG,0.2,
,,,,,H36,ARG,0.4,
,,,,,H37,LEU,0.0,
,,,,,H38,ALA,0.0,
,,,,,H39,ARG,0.1,
,,,,,H40,ARG,0.5,
,,,,,H41,GLY,0.0,
,,,,,H42,GLY,0.0,
,,,,,H43,VAL,0.1,
,,,,,H44,LYS,1.0,
,,,,,H45,ARG,0.4,
,,,,,H46,ILE,0.0,
,,,,,H47,SER,0.0,
,,,,,H48,GLY,0.1,
,,,,,H49,LEU,0.1,
,,,,,H50,ILE,0.0,
,,,,,H51,TYR,0.1,
,,,,,H52,GLU,0.3,
,,,,,H53,GLU,0.3,
,,,,,H54,THR,0.1,
,,,,,H55,ARG,0.4,
,,,,,H56,GLY,0.0,
,,,,,H57,VAL,0.0,
,,,,,H58,LEU,0.0,
,,,,,H59,LYS,0.4,
,,,,,H60,VAL,0.2,
,,,,,H61,PHE,0.0,
,,,,,H62,LEU,0.0,
,,,,,H63,GLU,0.2,
,,,,,H64,ASN,0.1,
,,,,,H65,VAL,0.0,
,,,,,H66,ILE,0.0,
,,,,,H67,ARG,0.3,
,,,,,H68,ASP,0.2,
,,,,,H69,ALA,0.0,
,,,,,H70,VAL,0.0,
,,,,,H71,THR,0.1,
,,,,,H72,TYR,0.0,
,,,,,H73,THR,0.0,
,,,,,H74,GLU,0.3,
,,,,,H75,HIS,0.1,
,,,,,H76,ALA,0.1,
,,,,,H77,LYS,1.0,
,,,,,H78,ARG,0.5,
,,,,,H79,LYS,0.5,
,,,,,H80,THR,0.0,
,,,,,H81,VAL,0.0,
,,,,,H82,THR,0.0,
,,,,,H83,ALA,0.0,
,,,,,H84,MET,0.1,
,,,,,H85,ASP,0.0,
,,,,,H86,VAL,0.0,
,,,,,H87,VAL,0.0,
,,,,,H88,TYR,0.2,
,,,,,H89,ALA,0.0,
,,,,,H90,LEU,0.0,
,,,,,H91,LYS,0.4,
,,,,,H92,ARG,0.5,
,,,,,H93,GLN,0.1,
,,,,,H94,GLY,0.1,
,,,,,H95,ARG,0.9,
