DNA,,,,,Protein,,
Chain,Residue,Parch Value,,,ChainID,Residue,Parch Value
,,BB,NB,,,,
I-67,DT,0.2,0.4,,A38,PRO,0.7
I-66,DG,0.2,0.1,,A39,HIS,0.4
I-65,DT,0.8,0.1,,A40,ARG,1.1
I-64,DA,2.5,0.1,,A41,TYR,0.1
I-63,DT,4.2,0.1,,A42,ARG,0.2
I-62,DA,4.2,0.0,,A43,PRO,0.1
I-61,DT,4.6,0.1,,A44,GLY,0.0
I-60,DA,6.4,0.1,,A45,THR,0.0
I-59,DT,5.1,0.1,,A46,VAL,0.0
I-58,DC,4.2,0.0,,A47,ALA,0.0
I-57,DT,4.3,0.2,,A48,LEU,0.0
I-56,DG,1.8,0.5,,A49,ARG,0.1
I-55,DA,1.2,0.3,,A50,GLU,0.2
I-54,DC,0.5,0.1,,A51,ILE,0.0
I-53,DA,0.7,0.1,,A52,ARG,0.3
I-52,DC,1.7,0.1,,A53,ARG,0.4
I-51,DG,3.7,0.3,,A54,TYR,0.1
I-50,DT,6.4,0.2,,A55,GLN,0.0
I-49,DG,7.0,0.2,,A56,LYS,0.3
I-48,DC,4.8,0.1,,A57,SER,0.2
I-47,DC,4.4,0.1,,A58,THR,0.2
I-46,DT,3.1,0.3,,A59,GLU,0.6
I-45,DG,1.7,0.8,,A60,LEU,0.2
I-44,DG,0.7,0.3,,A61,LEU,0.2
I-43,DA,0.8,0.1,,A62,ILE,0.1
I-42,DG,1.4,0.4,,A63,ARG,0.2
I-41,DA,3.6,0.2,,A64,LYS,0.2
I-40,DC,4.4,0.1,,A65,LEU,0.1
I-39,DT,4.1,0.1,,A66,PRO,0.0
I-38,DA,6.1,0.0,,A67,PHE,0.0
I-37,DG,6.0,0.5,,A68,GLN,0.0
I-36,DG,2.8,0.5,,A69,ARG,0.2
I-35,DG,1.1,0.4,,A70,LEU,0.0
I-34,DA,0.6,0.2,,A71,VAL,0.0
I-33,DG,1.0,0.2,,A72,ARG,0.4
I-32,DT,0.9,0.1,,A73,GLU,0.2
I-31,DA,3.9,0.1,,A74,ILE,0.0
I-30,DA,7.4,0.3,,A75,ALA,0.0
I-29,DT,5.7,0.2,,A76,GLN,0.0
I-28,DC,4.9,0.1,,A77,ASP,0.9
I-27,DC,3.3,0.1,,A78,PHE,0.0
I-26,DC,1.0,0.1,,A79,LYS,0.2
I-25,DC,0.7,0.2,,A80,THR,0.1
I-24,DT,0.8,0.2,,A81,ASP,0.2
I-23,DT,1.8,0.1,,A82,LEU,0.0
I-22,DG,5.0,0.5,,A83,ARG,0.3
I-21,DG,7.3,0.2,,A84,PHE,0.3
I-20,DC,6.4,0.1,,A85,GLN,0.1
I-19,DG,6.3,0.1,,A86,SER,0.1
I-18,DG,5.5,0.1,,A87,SER,0.1
I-17,DT,4.0,0.0,,A88,ALA,0.0
I-16,DT,3.3,0.4,,A89,VAL,0.0
I-15,DA,2.2,0.1,,A90,MET,0.0
I-14,DA,0.8,0.1,,A91,ALA,0.0
I-13,DA,0.2,0.1,,A92,LEU,0.1
I-12,DA,1.2,0.2,,A93,GLN,0.0
I-11,DC,2.7,0.2,,A94,GLU,0.2
I-10,DG,4.3,0.2,,A95,ALA,0.0
I-9,DC,5.3,0.1,,A96,SER,0.1
I-8,DG,6.7,0.5,,A97,GLU,0.3
I-7,DG,5.6,0.2,,A98,ALA,0.1
I-6,DG,1.9,0.4,,A99,TYR,0.1
I-5,DG,0.8,0.4,,A100,LEU,0.1
I-4,DG,0.8,0.1,,A101,VAL,0.0
I-3,DA,0.3,0.1,,A102,ALA,0.1
I-2,DC,0.9,0.2,,A103,LEU,0.1
I-1,DA,1.0,0.3,,A104,PHE,0.1
I0,DG,2.8,0.2,,A105,GLU,0.4
I1,DC,5.4,0.1,,A106,ASP,0.1
I2,DG,5.9,0.1,,A107,THR,0.0
I3,DC,4.5,0.1,,A108,ASN,0.1
I4,DG,3.8,0.1,,A109,LEU,0.0
I5,DT,2.2,0.2,,A110,CYS,0.0
I6,DA,0.8,0.1,,A111,ALA,0.0
I7,DC,0.2,0.1,,A112,ILE,0.0
I8,DG,0.3,0.3,,A113,HIS,0.1
I9,DT,0.9,0.2,,A114,ALA,0.1
I10,DG,2.3,0.1,,A115,LYS,0.6
I11,DC,3.1,0.1,,A116,ARG,0.0
I12,DG,5.3,0.3,,A117,VAL,0.1
I13,DT,6.3,0.1,,A118,THR,0.0
I14,DT,5.5,0.1,,A119,ILE,0.0
I15,DT,5.0,0.1,,A120,MET,0.0
I16,DA,1.3,0.1,,A121,PRO,0.0
I17,DA,0.2,0.1,,A122,LYS,0.4
I18,DG,0.2,0.1,,A123,ASP,0.0
I19,DC,0.8,0.3,,A124,ILE,0.1
I20,DG,2.1,0.8,,A125,GLN,0.1
I21,DG,6.0,0.4,,A126,LEU,0.1
I22,DT,8.0,0.1,,A127,ALA,0.0
I23,DG,7.0,0.2,,A128,ARG,0.0
I24,DC,5.0,0.1,,A129,ARG,0.8
I25,DT,5.3,0.1,,A130,ILE,0.0
I26,DA,1.9,0.1,,A131,ARG,0.4
I27,DG,0.5,0.1,,A132,GLY,0.0
I28,DA,0.4,0.1,,A133,GLU,0.1
I29,DG,1.6,0.1,,A134,ARG,0.9
I30,DC,2.0,0.1,,B24,ASP,0.9
I31,DT,3.0,0.2,,B25,ASN,0.2
I32,DG,4.3,0.1,,B26,ILE,0.1
I33,DT,4.9,0.1,,B27,GLN,0.1
I34,DC,4.4,0.1,,B28,GLY,0.0
I35,DT,3.9,0.1,,B29,ILE,0.0
I36,DA,2.3,0.1,,B30,THR,0.0
I37,DC,2.6,0.1,,B31,LYS,0.4
I38,DG,0.7,0.1,,B32,PRO,0.0
I39,DA,0.9,0.1,,B33,ALA,0.0
I40,DC,1.6,0.2,,B34,ILE,0.0
I41,DC,3.3,0.3,,B35,ARG,0.4
I42,DA,4.5,0.1,,B36,ARG,0.1
I43,DA,5.8,0.1,,B37,LEU,0.0
I44,DT,6.7,0.1,,B38,ALA,0.0
I45,DT,7.4,0.2,,B39,ARG,0.1
I46,DG,5.5,0.3,,B40,ARG,0.3
I47,DA,2.9,0.1,,B41,GLY,0.0
I48,DG,1.4,0.1,,B42,GLY,0.0
I49,DC,1.0,0.1,,B43,VAL,0.0
I50,DG,1.5,0.3,,B44,LYS,0.4
I51,DG,1.9,0.7,,B45,ARG,0.7
I52,DC,4.6,0.2,,B46,ILE,0.1
I53,DC,6.3,0.1,,B47,SER,0.0
I54,DT,7.1,0.1,,B48,GLY,0.0
I55,DC,7.6,0.1,,B49,LEU,0.0
I56,DG,5.4,0.2,,B50,ILE,0.0
I57,DG,1.3,0.4,,B51,TYR,0.0
I58,DC,0.5,0.1,,B52,GLU,0.2
I59,DA,1.3,0.1,,B53,GLU,0.4
I60,DC,1.8,0.3,,B54,THR,0.0
I61,DC,2.0,0.2,,B55,ARG,0.1
I62,DG,4.1,0.3,,B56,GLY,0.0
I63,DG,6.5,0.3,,B57,VAL,0.1
I64,DG,5.5,0.1,,B58,LEU,0.0
I65,DA,3.9,0.1,,B59,LYS,0.3
I66,DT,3.3,0.1,,B60,VAL,0.1
I67,DT,2.6,0.1,,B61,PHE,0.1
I68,DC,2.0,0.1,,B62,LEU,0.0
I69,DT,1.8,0.3,,B63,GLU,0.2
I70,DC,2.5,0.4,,B64,ASN,0.0
I71,DC,4.5,0.3,,B65,VAL,0.0
I72,DA,8.5,1.3,,B66,ILE,0.0
I73,DG,6.0,1.3,,B67,ARG,0.2
J-73,DC,1.0,0.3,,B68,ASP,0.0
J-72,DT,5.3,0.2,,B69,ALA,0.0
J-71,DG,6.4,0.8,,B70,VAL,0.0
J-70,DG,7.7,0.5,,B71,THR,0.1
J-69,DA,8.6,0.4,,B72,TYR,0.1
J-68,DG,5.3,0.3,,B73,THR,0.0
J-67,DA,1.1,0.1,,B74,GLU,0.4
J-66,DA,0.2,0.1,,B75,HIS,0.1
J-65,DT,0.3,0.1,,B76,ALA,0.0
J-64,DC,0.7,0.1,,B77,LYS,0.3
J-63,DC,0.9,0.1,,B78,ARG,0.3
J-62,DC,1.7,0.1,,B79,LYS,0.4
J-61,DG,4.5,0.5,,B80,THR,0.0
J-60,DG,5.9,0.2,,B81,VAL,0.0
J-59,DT,7.5,0.2,,B82,THR,0.0
J-58,DG,5.6,0.1,,B83,ALA,0.0
J-57,DC,2.8,0.3,,B84,MET,0.0
J-56,DC,1.4,0.1,,B85,ASP,0.0
J-55,DG,1.4,0.1,,B86,VAL,0.0
J-54,DA,0.6,0.2,,B87,VAL,0.0
J-53,DG,1.7,0.5,,B88,TYR,0.0
J-52,DG,3.5,0.5,,B89,ALA,0.0
J-51,DC,6.6,0.1,,B90,LEU,0.0
J-50,DC,6.7,0.2,,B91,LYS,0.2
J-49,DG,6.3,0.1,,B92,ARG,0.1
J-48,DC,4.1,0.1,,B93,GLN,0.1
J-47,DT,2.8,0.2,,B94,GLY,0.0
J-46,DC,1.2,0.1,,B95,ARG,0.7
J-45,DA,0.8,0.1,,B96,THR,0.0
J-44,DA,0.7,0.2,,B97,LEU,0.0
J-43,DT,1.5,0.1,,B98,TYR,0.0
J-42,DT,3.5,0.1,,B99,GLY,0.0
J-41,DG,6.3,0.7,,B100,PHE,0.0
J-40,DG,7.3,0.3,,B101,GLY,0.3
J-39,DT,5.5,0.0,,C16,THR,0.8
J-38,DC,4.9,0.0,,C17,ARG,0.1
J-37,DG,4.3,0.1,,C18,SER,0.0
J-36,DT,2.1,0.2,,C19,SER,0.0
J-35,DA,0.7,0.2,,C20,ARG,0.5
J-34,DG,0.6,0.1,,C21,ALA,0.0
J-33,DA,1.0,0.1,,C22,GLY,0.1
J-32,DC,0.9,0.1,,C23,LEU,0.1
J-31,DA,3.4,0.3,,C24,GLN,0.1
J-30,DG,7.3,0.6,,C25,PHE,0.0
J-29,DC,6.5,0.1,,C26,PRO,0.0
J-28,DT,3.6,0.1,,C27,VAL,0.0
J-27,DC,4.5,0.0,,C28,GLY,0.0
J-26,DT,2.6,0.3,,C29,ARG,0.1
J-25,DA,1.3,0.5,,C30,VAL,0.0
J-24,DG,0.7,0.2,,C31,HIS,0.1
J-23,DC,0.7,0.0,,C32,ARG,0.3
J-22,DA,1.7,0.3,,C33,LEU,0.0
J-21,DC,3.3,0.2,,C34,LEU,0.0
J-20,DC,5.7,0.3,,C35,ARG,0.5
J-19,DG,6.0,0.5,,C36,LYS,0.7
J-18,DC,4.9,0.1,,C37,GLY,0.1
J-17,DT,3.8,0.1,,C38,ASN,0.2
J-16,DT,3.4,0.4,,C39,TYR,0.3
J-15,DA,2.0,0.2,,C40,ALA,0.0
J-14,DA,0.8,0.1,,C41,GLU,0.7
J-13,DA,0.2,0.2,,C42,ARG,0.1
J-12,DC,0.8,0.2,,C43,VAL,0.0
J-11,DG,2.0,0.4,,C44,GLY,0.0
J-10,DC,4.3,0.1,,C45,ALA,0.3
J-9,DA,4.1,0.1,,C46,GLY,0.0
J-8,DC,5.1,0.3,,C47,ALA,0.0
J-7,DG,6.8,0.4,,C48,PRO,0.0
J-6,DT,4.8,0.2,,C49,VAL,0.0
J-5,DA,2.8,0.2,,C50,TYR,0.0
J-4,DC,0.5,0.1,,C51,LEU,0.0
J-3,DG,0.2,0.1,,C52,ALA,0.0
J-2,DC,0.7,0.2,,C53,ALA,0.0
J-1,DG,0.9,0.2,,C54,VAL,0.0
J0,DC,2.3,0.1,,C55,LEU,0.0
J1,DT,4.4,0.1,,C56,GLU,0.2
J2,DG,4.7,0.1,,C57,TYR,0.0
J3,DT,5.4,0.2,,C58,LEU,0.0
J4,DC,4.2,0.1,,C59,THR,0.0
J5,DC,2.9,0.1,,C60,ALA,0.0
J6,DC,1.2,0.1,,C61,GLU,0.3
J7,DC,0.7,0.1,,C62,ILE,0.0
J8,DC,0.4,0.1,,C63,LEU,0.0
J9,DG,0.3,0.7,,C64,GLU,0.7
J10,DC,1.5,0.2,,C65,LEU,0.0
J11,DG,3.2,0.2,,C66,ALA,0.0
J12,DT,4.6,0.0,,C67,GLY,0.0
J13,DT,5.8,0.1,,C68,ASN,0.0
J14,DT,5.3,0.1,,C69,ALA,0.0
J15,DT,4.3,0.1,,C70,ALA,0.0
J16,DA,0.9,0.1,,C71,ARG,0.3
J17,DA,0.1,0.0,,C72,ASP,0.6
J18,DC,0.1,0.0,,C73,ASN,0.0
J19,DC,0.6,0.1,,C74,LYS,0.5
J20,DG,1.8,0.4,,C75,LYS,0.4
J21,DC,4.1,0.3,,C76,THR,0.1
J22,DC,6.7,0.1,,C77,ARG,0.2
J23,DA,6.8,0.2,,C78,ILE,0.0
J24,DA,8.8,0.3,,C79,ILE,0.1
J25,DG,6.3,0.7,,C80,PRO,0.0
J26,DG,2.0,0.5,,C81,ARG,0.1
J27,DG,0.6,0.2,,C82,HIS,0.0
J28,DG,0.5,0.1,,C83,LEU,0.0
J29,DA,1.4,0.2,,C84,GLN,0.0
J30,DT,1.7,0.1,,C85,LEU,0.0
J31,DT,2.9,0.1,,C86,ALA,0.0
J32,DA,6.5,0.1,,C87,VAL,0.0
J33,DC,7.6,0.0,,C88,ARG,0.1
J34,DT,4.5,0.1,,C89,ASN,0.0
J35,DC,4.4,0.1,,C90,ASP,0.1
J36,DC,2.5,0.1,,C91,GLU,0.6
J37,DC,1.6,0.1,,C92,GLU,0.1
J38,DT,0.6,0.3,,C93,LEU,0.0
J39,DA,0.6,0.2,,C94,ASN,0.0
J40,DG,1.0,0.2,,C95,LYS,0.3
J41,DT,3.4,0.1,,C96,LEU,0.1
J42,DC,5.4,0.1,,C97,LEU,0.0
J43,DT,5.3,0.3,,C98,GLY,0.0
J44,DC,6.8,0.2,,C99,ARG,0.9
J45,DC,5.0,0.2,,C100,VAL,0.0
J46,DA,5.6,0.4,,C101,THR,0.1
J47,DG,3.2,0.5,,C102,ILE,0.0
J48,DG,1.8,0.1,,C103,ALA,0.0
J49,DC,1.6,0.1,,C104,GLN,0.2
J50,DA,2.2,0.1,,C105,GLY,0.0
J51,DC,3.0,0.2,,C106,GLY,0.2
J52,DG,5.7,0.1,,C107,VAL,0.1
J53,DT,6.2,0.1,,C108,LEU,0.0
J54,DG,5.8,0.3,,C109,PRO,0.0
J55,DT,5.5,0.3,,C110,ASN,0.2
J56,DC,4.4,0.1,,C111,ILE,0.1
J57,DA,1.4,0.2,,C112,GLN,0.5
J58,DG,0.4,0.1,,C113,SER,0.1
J59,DA,1.4,0.0,,C114,VAL,0.1
J60,DT,1.8,0.1,,C115,LEU,0.3
J61,DA,2.8,0.3,,D33,SER,0.7
J62,DT,5.6,0.1,,D34,TYR,0.0
J63,DA,6.0,0.1,,D35,ALA,0.0
J64,DT,5.8,0.2,,D36,ILE,0.3
J65,DA,5.9,0.1,,D37,TYR,0.2
J66,DC,4.8,0.1,,D38,VAL,0.0
J67,DA,1.7,0.2,,D39,TYR,0.1
,,,,,D40,LYS,0.3
,,,,,D41,VAL,0.0
,,,,,D42,LEU,0.0
,,,,,D43,LYS,0.3
,,,,,D44,GLN,0.2
,,,,,D45,VAL,0.1
,,,,,D46,HIS,0.0
,,,,,D47,PRO,0.1
,,,,,D48,ASP,0.2
,,,,,D49,THR,0.0
,,,,,D50,GLY,0.0
,,,,,D51,ILE,0.0
,,,,,D52,SER,0.0
,,,,,D53,SER,0.1
,,,,,D54,LYS,0.3
,,,,,D55,ALA,0.0
,,,,,D56,MET,0.0
,,,,,D57,SER,0.1
,,,,,D58,ILE,0.0
,,,,,D59,MET,0.0
,,,,,D60,ASN,0.0
,,,,,D61,SER,0.0
,,,,,D62,PHE,0.1
,,,,,D63,VAL,0.0
,,,,,D64,ASN,0.0
,,,,,D65,ASP,0.0
,,,,,D66,VAL,0.0
,,,,,D67,PHE,0.0
,,,,,D68,GLU,0.4
,,,,,D69,ARG,0.3
,,,,,D70,ILE,0.0
,,,,,D71,ALA,0.0
,,,,,D72,GLY,0.0
,,,,,D73,GLU,0.1
,,,,,D74,ALA,0.0
,,,,,D75,SER,0.0
,,,,,D76,ARG,0.3
,,,,,D77,LEU,0.0
,,,,,D78,ALA,0.0
,,,,,D79,HIS,0.1
,,,,,D80,TYR,0.1
,,,,,D81,ASN,0.0
,,,,,D82,LYS,0.6
,,,,,D83,ARG,0.2
,,,,,D84,SER,0.1
,,,,,D85,THR,0.0
,,,,,D86,ILE,0.0
,,,,,D87,THR,0.1
,,,,,D88,SER,0.0
,,,,,D89,ARG,0.6
,,,,,D90,GLU,0.1
,,,,,D91,ILE,0.0
,,,,,D92,GLN,0.0
,,,,,D93,THR,0.0
,,,,,D94,ALA,0.0
,,,,,D95,VAL,0.0
,,,,,D96,ARG,0.5
,,,,,D97,LEU,0.0
,,,,,D98,LEU,0.0
,,,,,D99,LEU,0.0
,,,,,D100,PRO,0.0
,,,,,D101,GLY,0.0
,,,,,D102,GLU,0.1
,,,,,D103,LEU,0.0
,,,,,D104,ALA,0.0
,,,,,D105,LYS,0.3
,,,,,D106,HIS,0.0
,,,,,D107,ALA,0.0
,,,,,D108,VAL,0.0
,,,,,D109,SER,0.0
,,,,,D110,GLU,0.2
,,,,,D111,GLY,0.0
,,,,,D112,THR,0.0
,,,,,D113,LYS,0.6
,,,,,D114,ALA,0.0
,,,,,D115,VAL,0.0
,,,,,D116,THR,0.0
,,,,,D117,LYS,0.4
,,,,,D118,TYR,0.1
,,,,,D119,THR,0.0
,,,,,D120,SER,0.2
,,,,,D121,ALA,0.9
,,,,,E42,ARG,3.8
,,,,,E43,PRO,0.9
,,,,,E44,GLY,0.1
,,,,,E45,THR,0.1
,,,,,E46,VAL,0.1
,,,,,E47,ALA,0.0
,,,,,E48,LEU,0.1
,,,,,E49,ARG,0.4
,,,,,E50,GLU,0.4
,,,,,E51,ILE,0.0
,,,,,E52,ARG,0.1
,,,,,E53,ARG,0.6
,,,,,E54,TYR,0.1
,,,,,E55,GLN,0.0
,,,,,E56,LYS,0.5
,,,,,E57,SER,0.1
,,,,,E58,THR,0.3
,,,,,E59,GLU,0.6
,,,,,E60,LEU,0.1
,,,,,E61,LEU,0.1
,,,,,E62,ILE,0.4
,,,,,E63,ARG,0.2
,,,,,E64,LYS,0.2
,,,,,E65,LEU,0.1
,,,,,E66,PRO,0.0
,,,,,E67,PHE,0.0
,,,,,E68,GLN,0.1
,,,,,E69,ARG,0.1
,,,,,E70,LEU,0.0
,,,,,E71,VAL,0.0
,,,,,E72,ARG,0.3
,,,,,E73,GLU,0.0
,,,,,E74,ILE,0.0
,,,,,E75,ALA,0.0
,,,,,E76,GLN,0.1
,,,,,E77,ASP,1.0
,,,,,E78,PHE,0.1
,,,,,E79,LYS,0.3
,,,,,E80,THR,0.1
,,,,,E81,ASP,0.8
,,,,,E82,LEU,0.1
,,,,,E83,ARG,0.4
,,,,,E84,PHE,0.1
,,,,,E85,GLN,0.1
,,,,,E86,SER,0.1
,,,,,E87,SER,0.1
,,,,,E88,ALA,0.0
,,,,,E89,VAL,0.0
,,,,,E90,MET,0.0
,,,,,E91,ALA,0.0
,,,,,E92,LEU,0.0
,,,,,E93,GLN,0.0
,,,,,E94,GLU,0.2
,,,,,E95,ALA,0.0
,,,,,E96,SER,0.1
,,,,,E97,GLU,0.5
,,,,,E98,ALA,0.1
,,,,,E99,TYR,0.1
,,,,,E100,LEU,0.0
,,,,,E101,VAL,0.0
,,,,,E102,ALA,0.0
,,,,,E103,LEU,0.0
,,,,,E104,PHE,0.1
,,,,,E105,GLU,1.1
,,,,,E106,ASP,0.1
,,,,,E107,THR,0.0
,,,,,E108,ASN,0.2
,,,,,E109,LEU,0.0
,,,,,E110,CYS,0.0
,,,,,E111,ALA,0.0
,,,,,E112,ILE,0.0
,,,,,E113,HIS,0.2
,,,,,E114,ALA,0.1
,,,,,E115,LYS,0.4
,,,,,E116,ARG,0.2
,,,,,E117,VAL,0.0
,,,,,E118,THR,0.0
,,,,,E119,ILE,0.0
,,,,,E120,MET,0.0
,,,,,E121,PRO,0.0
,,,,,E122,LYS,0.2
,,,,,E123,ASP,0.0
,,,,,E124,ILE,0.0
,,,,,E125,GLN,0.1
,,,,,E126,LEU,0.0
,,,,,E127,ALA,0.0
,,,,,E128,ARG,0.3
,,,,,E129,ARG,0.3
,,,,,E130,ILE,0.0
,,,,,E131,ARG,0.3
,,,,,E132,GLY,0.1
,,,,,E133,GLU,0.8
,,,,,F24,ASP,0.4
,,,,,F25,ASN,0.0
,,,,,F26,ILE,0.0
,,,,,F27,GLN,0.1
,,,,,F28,GLY,0.0
,,,,,F29,ILE,0.1
,,,,,F30,THR,0.0
,,,,,F31,LYS,0.3
,,,,,F32,PRO,0.0
,,,,,F33,ALA,0.0
,,,,,F34,ILE,0.0
,,,,,F35,ARG,0.3
,,,,,F36,ARG,0.2
,,,,,F37,LEU,0.1
,,,,,F38,ALA,0.0
,,,,,F39,ARG,0.0
,,,,,F40,ARG,0.1
,,,,,F41,GLY,0.0
,,,,,F42,GLY,0.0
,,,,,F43,VAL,0.1
,,,,,F44,LYS,0.4
,,,,,F45,ARG,0.1
,,,,,F46,ILE,0.0
,,,,,F47,SER,0.0
,,,,,F48,GLY,0.0
,,,,,F49,LEU,0.0
,,,,,F50,ILE,0.0
,,,,,F51,TYR,0.1
,,,,,F52,GLU,0.1
,,,,,F53,GLU,0.2
,,,,,F54,THR,0.0
,,,,,F55,ARG,0.1
,,,,,F56,GLY,0.0
,,,,,F57,VAL,0.0
,,,,,F58,LEU,0.1
,,,,,F59,LYS,0.2
,,,,,F60,VAL,0.1
,,,,,F61,PHE,0.1
,,,,,F62,LEU,0.0
,,,,,F63,GLU,0.2
,,,,,F64,ASN,0.2
,,,,,F65,VAL,0.0
,,,,,F66,ILE,0.0
,,,,,F67,ARG,0.2
,,,,,F68,ASP,0.1
,,,,,F69,ALA,0.0
,,,,,F70,VAL,0.0
,,,,,F71,THR,0.1
,,,,,F72,TYR,0.1
,,,,,F73,THR,0.0
,,,,,F74,GLU,0.4
,,,,,F75,HIS,0.2
,,,,,F76,ALA,0.0
,,,,,F77,LYS,0.4
,,,,,F78,ARG,0.4
,,,,,F79,LYS,0.5
,,,,,F80,THR,0.0
,,,,,F81,VAL,0.0
,,,,,F82,THR,0.0
,,,,,F83,ALA,0.0
,,,,,F84,MET,0.0
,,,,,F85,ASP,0.0
,,,,,F86,VAL,0.0
,,,,,F87,VAL,0.0
,,,,,F88,TYR,0.1
,,,,,F89,ALA,0.0
,,,,,F90,LEU,0.0
,,,,,F91,LYS,0.6
,,,,,F92,ARG,0.5
,,,,,F93,GLN,0.3
,,,,,F94,GLY,0.0
,,,,,F95,ARG,0.4
,,,,,F96,THR,0.1
,,,,,F97,LEU,0.0
,,,,,F98,TYR,0.0
,,,,,F99,GLY,0.0
,,,,,F100,PHE,0.0
,,,,,F101,GLY,0.5
,,,,,G16,THR,0.6
,,,,,G17,ARG,0.1
,,,,,G18,SER,0.0
,,,,,G19,SER,0.0
,,,,,G20,ARG,0.8
,,,,,G21,ALA,0.0
,,,,,G22,GLY,0.1
,,,,,G23,LEU,0.1
,,,,,G24,GLN,0.1
,,,,,G25,PHE,0.0
,,,,,G26,PRO,0.0
,,,,,G27,VAL,0.0
,,,,,G28,GLY,0.0
,,,,,G29,ARG,0.1
,,,,,G30,VAL,0.0
,,,,,G31,HIS,0.0
,,,,,G32,ARG,0.2
,,,,,G33,LEU,0.0
,,,,,G34,LEU,0.0
,,,,,G35,ARG,0.9
,,,,,G36,LYS,0.8
,,,,,G37,GLY,0.0
,,,,,G38,ASN,0.1
,,,,,G39,TYR,0.2
,,,,,G40,ALA,0.0
,,,,,G41,GLU,0.3
,,,,,G42,ARG,0.2
,,,,,G43,VAL,0.0
,,,,,G44,GLY,0.0
,,,,,G45,ALA,0.3
,,,,,G46,GLY,0.0
,,,,,G47,ALA,0.0
,,,,,G48,PRO,0.0
,,,,,G49,VAL,0.0
,,,,,G50,TYR,0.0
,,,,,G51,LEU,0.0
,,,,,G52,ALA,0.0
,,,,,G53,ALA,0.0
,,,,,G54,VAL,0.0
,,,,,G55,LEU,0.0
,,,,,G56,GLU,0.1
,,,,,G57,TYR,0.1
,,,,,G58,LEU,0.0
,,,,,G59,THR,0.0
,,,,,G60,ALA,0.0
,,,,,G61,GLU,0.5
,,,,,G62,ILE,0.0
,,,,,G63,LEU,0.0
,,,,,G64,GLU,0.7
,,,,,G65,LEU,0.0
,,,,,G66,ALA,0.0
,,,,,G67,GLY,0.0
,,,,,G68,ASN,0.2
,,,,,G69,ALA,0.0
,,,,,G70,ALA,0.0
,,,,,G71,ARG,0.3
,,,,,G72,ASP,0.6
,,,,,G73,ASN,0.0
,,,,,G74,LYS,0.3
,,,,,G75,LYS,0.4
,,,,,G76,THR,0.1
,,,,,G77,ARG,0.2
,,,,,G78,ILE,0.0
,,,,,G79,ILE,0.1
,,,,,G80,PRO,0.0
,,,,,G81,ARG,0.1
,,,,,G82,HIS,0.0
,,,,,G83,LEU,0.1
,,,,,G84,GLN,0.0
,,,,,G85,LEU,0.0
,,,,,G86,ALA,0.0
,,,,,G87,VAL,0.0
,,,,,G88,ARG,0.1
,,,,,G89,ASN,0.0
,,,,,G90,ASP,0.2
,,,,,G91,GLU,0.9
,,,,,G92,GLU,0.4
,,,,,G93,LEU,0.0
,,,,,G94,ASN,0.0
,,,,,G95,LYS,0.4
,,,,,G96,LEU,0.0
,,,,,G97,LEU,0.0
,,,,,G98,GLY,0.0
,,,,,G99,ARG,1.0
,,,,,G100,VAL,0.0
,,,,,G101,THR,0.2
,,,,,G102,ILE,0.0
,,,,,G103,ALA,0.0
,,,,,G104,GLN,0.2
,,,,,G105,GLY,0.0
,,,,,G106,GLY,0.3
,,,,,G107,VAL,0.1
,,,,,G108,LEU,0.0
,,,,,G109,PRO,0.0
,,,,,G110,ASN,0.1
,,,,,G111,ILE,0.0
,,,,,G112,GLN,0.1
,,,,,G113,SER,0.0
,,,,,G114,VAL,0.0
,,,,,G115,LEU,0.1
,,,,,G116,LEU,0.1
,,,,,G117,PRO,0.5
,,,,,H33,SER,0.5
,,,,,H34,TYR,0.0
,,,,,H35,ALA,0.0
,,,,,H36,ILE,0.0
,,,,,H37,TYR,0.1
,,,,,H38,VAL,0.0
,,,,,H39,TYR,0.2
,,,,,H40,LYS,0.2
,,,,,H41,VAL,0.0
,,,,,H42,LEU,0.0
,,,,,H43,LYS,0.1
,,,,,H44,GLN,0.1
,,,,,H45,VAL,0.1
,,,,,H46,HIS,0.1
,,,,,H47,PRO,0.1
,,,,,H48,ASP,0.7
,,,,,H49,THR,0.0
,,,,,H50,GLY,0.0
,,,,,H51,ILE,0.1
,,,,,H52,SER,0.0
,,,,,H53,SER,0.1
,,,,,H54,LYS,0.8
,,,,,H55,ALA,0.0
,,,,,H56,MET,0.0
,,,,,H57,SER,0.0
,,,,,H58,ILE,0.0
,,,,,H59,MET,0.1
,,,,,H60,ASN,0.1
,,,,,H61,SER,0.1
,,,,,H62,PHE,0.0
,,,,,H63,VAL,0.0
,,,,,H64,ASN,0.0
,,,,,H65,ASP,0.0
,,,,,H66,VAL,0.0
,,,,,H67,PHE,0.0
,,,,,H68,GLU,0.3
,,,,,H69,ARG,0.2
,,,,,H70,ILE,0.0
,,,,,H71,ALA,0.0
,,,,,H72,GLY,0.0
,,,,,H73,GLU,0.1
,,,,,H74,ALA,0.0
,,,,,H75,SER,0.1
,,,,,H76,ARG,0.9
,,,,,H77,LEU,0.0
,,,,,H78,ALA,0.0
,,,,,H79,HIS,0.1
,,,,,H80,TYR,0.2
,,,,,H81,ASN,0.0
,,,,,H82,LYS,0.7
,,,,,H83,ARG,0.4
,,,,,H84,SER,0.0
,,,,,H85,THR,0.0
,,,,,H86,ILE,0.0
,,,,,H87,THR,0.1
,,,,,H88,SER,0.0
,,,,,H89,ARG,0.5
,,,,,H90,GLU,0.1
,,,,,H91,ILE,0.0
,,,,,H92,GLN,0.0
,,,,,H93,THR,0.0
,,,,,H94,ALA,0.0
,,,,,H95,VAL,0.0
,,,,,H96,ARG,0.5
,,,,,H97,LEU,0.1
,,,,,H98,LEU,0.0
,,,,,H99,LEU,0.0
,,,,,H100,PRO,0.0
,,,,,H101,GLY,0.1
,,,,,H102,GLU,0.6
,,,,,H103,LEU,0.0
,,,,,H104,ALA,0.0
,,,,,H105,LYS,0.3
,,,,,H106,HIS,0.2
,,,,,H107,ALA,0.0
,,,,,H108,VAL,0.0
,,,,,H109,SER,0.0
,,,,,H110,GLU,0.4
,,,,,H111,GLY,0.0
,,,,,H112,THR,0.0
,,,,,H113,LYS,0.6
,,,,,H114,ALA,0.0
,,,,,H115,VAL,0.0
,,,,,H116,THR,0.0
,,,,,H117,LYS,0.6
,,,,,H118,TYR,0.2
,,,,,H119,THR,0.2
,,,,,H120,SER,0.1
,,,,,H121,ALA,0.9
