DNA,,,,,Protein,,,,,,,,
Chain,Residue,Parch Value,,,ChainID,Residue,Parch Value,,,,,,
,,BB,NB,,,,,,,,,,
I-72,DT,1.6,0.2,,A60,LEU,1.2,,,,,,
I-71,DG,8.8,0.7,,A61,LEU,0.2,,,,,,
I-70,DG,10.3,0.6,,A62,ILE,0.0,,,,,,
I-69,DA,8.3,0.5,,A63,ARG,0.4,,,,,,
I-68,DG,4.4,0.4,,A64,LYS,0.6,,,,,,
I-67,DA,2.0,0.3,,A65,LEU,0.2,,,,,,
I-66,DA,2.0,0.2,,A66,PRO,0.0,,,,,,
I-65,DT,0.8,0.1,,A67,PHE,0.0,,,,,,
I-64,DC,1.1,0.1,,A68,GLN,0.0,,,,,,
I-63,DC,2.1,0.2,,A69,ARG,0.5,,,,,,
I-62,DC,4.6,0.2,,A70,LEU,0.0,,,,,,
I-61,DG,7.2,0.6,,A71,VAL,0.0,,,,,,
I-60,DG,7.6,0.2,,A72,ARG,0.6,,,,,,
I-59,DT,6.3,0.3,,A73,GLU,0.2,,,,,,
I-58,DG,4.3,0.2,,A74,ILE,0.1,,,,,,
I-57,DC,2.1,0.3,,A75,ALA,0.0,,,,,,
I-56,DC,1.9,0.4,,A76,GLN,0.2,,,,,,
I-55,DG,1.6,0.4,,A77,ASP,0.9,,,,,,
I-54,DA,0.9,0.3,,A78,PHE,0.0,,,,,,
I-53,DG,2.9,0.8,,A79,LYS,0.3,,,,,,
I-52,DG,5.0,0.5,,A80,THR,0.1,,,,,,
I-51,DC,5.5,0.3,,A81,ASP,0.5,,,,,,
I-50,DC,4.3,0.1,,A82,LEU,0.0,,,,,,
I-49,DG,4.7,0.1,,A83,ARG,0.3,,,,,,
I-48,DC,4.0,0.1,,A84,PHE,0.0,,,,,,
I-47,DT,3.0,0.3,,A85,GLN,0.1,,,,,,
I-46,DC,2.1,0.3,,A86,SER,0.2,,,,,,
I-45,DA,1.9,0.2,,A87,SER,0.1,,,,,,
I-44,DA,0.7,0.1,,A88,ALA,0.0,,,,,,
I-43,DT,0.2,0.1,,A89,VAL,0.0,,,,,,
I-42,DT,1.2,0.2,,A90,MET,0.0,,,,,,
I-41,DG,5.2,0.3,,A91,ALA,0.0,,,,,,
I-40,DG,6.4,0.3,,A92,LEU,0.0,,,,,,
I-39,DT,5.7,0.1,,A93,GLN,0.0,,,,,,
I-38,DC,5.7,0.1,,A94,GLU,0.6,,,,,,
I-37,DG,4.6,0.2,,A95,ALA,0.0,,,,,,
I-36,DT,3.6,0.2,,A96,SER,0.0,,,,,,
I-35,DA,1.1,0.3,,A97,GLU,0.1,,,,,,
I-34,DG,0.3,0.3,,A98,ALA,0.0,,,,,,
I-33,DA,0.8,0.2,,A99,TYR,0.1,,,,,,
I-32,DC,2.8,0.2,,A100,LEU,0.0,,,,,,
I-31,DA,4.0,0.3,,A101,VAL,0.0,,,,,,
I-30,DG,5.6,0.2,,A102,GLY,0.0,,,,,,
I-29,DC,5.1,0.2,,A103,LEU,0.0,,,,,,
I-28,DT,5.3,0.2,,A104,PHE,0.0,,,,,,
I-27,DC,5.5,0.1,,A105,GLU,0.5,,,,,,
I-26,DT,3.5,0.1,,A106,ASP,0.2,,,,,,
I-25,DA,1.3,0.2,,A107,THR,0.0,,,,,,
I-24,DG,0.7,0.3,,A108,ASN,0.0,,,,,,
I-23,DC,1.6,0.2,,A109,LEU,0.1,,,,,,
I-22,DA,2.9,0.3,,A110,CYS,0.0,,,,,,
I-21,DC,3.6,0.2,,A111,ALA,0.0,,,,,,
I-20,DC,5.5,0.1,,A112,ILE,0.0,,,,,,
I-19,DG,5.7,0.3,,A113,HIS,0.2,,,,,,
I-18,DC,5.1,0.2,,A114,ALA,0.1,,,,,,
I-17,DT,4.7,0.1,,A115,LYS,0.7,,,,,,
I-16,DT,6.1,0.2,,A116,ARG,0.1,,,,,,
I-15,DA,3.4,0.2,,A117,VAL,0.3,,,,,,
I-14,DA,1.0,0.0,,A118,THR,0.0,,,,,,
I-13,DA,0.5,0.1,,A119,ILE,0.0,,,,,,
I-12,DC,1.4,0.2,,A120,MET,0.0,,,,,,
I-11,DG,3.8,0.2,,A121,PRO,0.0,,,,,,
I-10,DC,5.1,0.1,,A122,LYS,0.3,,,,,,
I-9,DA,4.2,0.2,,A123,ASP,0.0,,,,,,
I-8,DC,7.1,0.2,,A124,ILE,0.1,,,,,,
I-7,DG,6.1,0.3,,A125,GLN,0.2,,,,,,
I-6,DT,4.5,0.2,,A126,LEU,0.0,,,,,,
I-5,DA,3.6,0.2,,A127,ALA,0.0,,,,,,
I-4,DC,2.1,0.1,,A128,ARG,0.6,,,,,,
I-3,DG,0.2,0.1,,A129,ARG,0.7,,,,,,
I-2,DC,0.9,0.1,,A130,ILE,0.0,,,,,,
I-1,DG,1.1,0.3,,A131,ARG,1.0,,,,,,
I0,DC,2.2,0.3,,A132,GLY,0.1,,,,,,
I1,DT,4.9,0.2,,A133,GLU,1.3,,,,,,
I2,DG,6.5,0.3,,A134,ARG,2.0,,,,,,
I3,DT,4.9,0.3,,B23,ARG,1.3,,,,,,
I4,DC,4.9,0.1,,B24,ASP,0.6,,,,,,
I5,DC,3.7,0.1,,B25,ASN,0.0,,,,,,
I6,DC,1.1,0.1,,B26,ILE,0.0,,,,,,
I7,DC,0.4,0.1,,B27,GLN,0.3,,,,,,
I8,DC,0.6,0.2,,B28,GLY,0.0,,,,,,
I9,DG,0.5,0.4,,B29,ILE,0.0,,,,,,
I10,DC,1.4,0.3,,B30,THR,0.0,,,,,,
I11,DG,2.5,0.2,,B31,LYS,0.8,,,,,,
I12,DT,4.6,0.1,,B32,PRO,0.1,,,,,,
I13,DT,5.4,0.2,,B33,ALA,0.0,,,,,,
I14,DT,7.7,0.2,,B34,ILE,0.0,,,,,,
I15,DT,6.9,0.2,,B35,ARG,0.3,,,,,,
I16,DA,2.7,0.2,,B36,ARG,0.5,,,,,,
I17,DA,0.4,0.1,,B37,LEU,0.0,,,,,,
I18,DC,0.5,0.1,,B38,ALA,0.0,,,,,,
I19,DC,1.9,0.2,,B39,ARG,0.2,,,,,,
I20,DG,2.0,0.8,,B40,ARG,0.4,,,,,,
I21,DC,3.9,0.2,,B41,GLY,0.0,,,,,,
I22,DC,6.1,0.1,,B42,GLY,0.0,,,,,,
I23,DA,6.3,0.2,,B43,VAL,0.0,,,,,,
I24,DA,7.3,0.2,,B44,LYS,1.1,,,,,,
I25,DG,6.5,0.2,,B45,ARG,0.4,,,,,,
I26,DG,3.1,0.3,,B46,ILE,0.0,,,,,,
I27,DG,0.5,0.3,,B47,SER,0.0,,,,,,
I28,DG,0.4,0.1,,B48,GLY,0.0,,,,,,
I29,DA,1.3,0.1,,B49,LEU,0.0,,,,,,
I30,DT,1.6,0.2,,B50,ILE,0.0,,,,,,
I31,DT,3.7,0.3,,B51,TYR,0.1,,,,,,
I32,DA,8.9,0.5,,B52,GLU,0.6,,,,,,
I33,DC,8.5,0.2,,B53,GLU,0.5,,,,,,
I34,DT,7.2,0.3,,B54,THR,0.0,,,,,,
I35,DC,5.9,0.3,,B55,ARG,0.1,,,,,,
I36,DC,5.1,0.1,,B56,GLY,0.0,,,,,,
I37,DC,2.9,0.2,,B57,VAL,0.0,,,,,,
J-37,DG,3.5,2.8,,B58,LEU,0.0,,,,,,
J-36,DG,3.5,1.4,,B59,LYS,0.4,,,,,,
J-35,DG,1.9,0.7,,B60,VAL,0.1,,,,,,
J-34,DA,2.0,0.4,,B61,PHE,0.1,,,,,,
J-33,DG,2.0,0.4,,B62,LEU,0.0,,,,,,
J-32,DT,2.7,0.2,,B63,GLU,0.2,,,,,,
J-31,DA,5.3,0.2,,B64,ASN,0.1,,,,,,
J-30,DA,6.6,0.2,,B65,VAL,0.0,,,,,,
J-29,DT,7.1,0.3,,B66,ILE,0.0,,,,,,
J-28,DC,4.5,0.2,,B67,ARG,0.8,,,,,,
J-27,DC,2.4,0.2,,B68,ASP,0.3,,,,,,
J-26,DC,1.9,0.1,,B69,ALA,0.0,,,,,,
J-25,DC,1.3,0.1,,B70,VAL,0.0,,,,,,
J-24,DT,0.4,0.1,,B71,THR,0.1,,,,,,
J-23,DT,1.2,0.2,,B72,TYR,0.1,,,,,,
J-22,DG,3.1,0.3,,B73,THR,0.0,,,,,,
J-21,DG,3.7,0.3,,B74,GLU,0.3,,,,,,
J-20,DC,7.4,0.3,,B75,HIS,0.1,,,,,,
J-19,DG,9.8,0.7,,B76,ALA,0.0,,,,,,
J-18,DG,7.0,0.2,,B77,LYS,0.8,,,,,,
J-17,DT,5.8,0.2,,B78,ARG,0.4,,,,,,
J-16,DT,4.3,0.3,,B79,LYS,0.3,,,,,,
J-15,DA,2.2,0.2,,B80,THR,0.0,,,,,,
J-14,DA,1.3,0.3,,B81,VAL,0.0,,,,,,
J-13,DA,1.7,0.3,,B82,THR,0.0,,,,,,
J-12,DA,3.6,0.4,,B83,ALA,0.0,,,,,,
J-11,DC,3.8,0.5,,B84,MET,0.0,,,,,,
J-10,DG,3.5,0.4,,B85,ASP,0.0,,,,,,
J-9,DC,4.3,0.2,,B86,VAL,0.0,,,,,,
J-8,DG,4.9,0.3,,B87,VAL,0.0,,,,,,
J-7,DG,3.4,0.2,,B88,TYR,0.0,,,,,,
J-6,DG,1.5,0.2,,B89,ALA,0.0,,,,,,
J-5,DG,1.4,0.4,,B90,LEU,0.1,,,,,,
J-4,DG,1.7,0.1,,B91,LYS,0.5,,,,,,
J-3,DA,1.0,0.2,,B92,ARG,0.8,,,,,,
J-2,DC,2.0,0.2,,B93,GLN,0.2,,,,,,
J-1,DA,2.5,0.3,,B94,GLY,1.1,,,,,,
J0,DG,4.6,0.4,,C15,LYS,0.6,,,,,,
J1,DC,5.7,0.1,,C16,THR,0.2,,,,,,
J2,DG,5.5,0.2,,C17,ARG,0.3,,,,,,
J3,DC,5.2,0.1,,C18,SER,0.1,,,,,,
J4,DG,3.7,0.2,,C19,SER,0.1,,,,,,
J5,DT,2.4,0.2,,C20,ARG,0.1,,,,,,
J6,DA,1.3,0.3,,C21,ALA,0.0,,,,,,
J7,DC,1.0,0.3,,C22,GLY,0.1,,,,,,
J8,DG,1.9,0.5,,C23,LEU,0.2,,,,,,
J9,DT,1.8,0.3,,C24,GLN,0.0,,,,,,
J10,DG,3.5,0.3,,C25,PHE,0.0,,,,,,
J11,DC,6.3,0.1,,C26,PRO,0.1,,,,,,
J12,DG,6.3,0.5,,C27,VAL,0.0,,,,,,
J13,DT,7.1,0.3,,C28,GLY,0.1,,,,,,
J14,DT,6.0,0.1,,C29,ARG,0.1,,,,,,
J15,DT,5.0,0.2,,C30,VAL,0.0,,,,,,
J16,DA,2.4,0.2,,C31,HIS,0.3,,,,,,
J17,DA,0.7,0.1,,C32,ARG,0.3,,,,,,
J18,DG,0.9,0.2,,C33,LEU,0.0,,,,,,
J19,DC,1.7,0.2,,C34,LEU,0.0,,,,,,
J20,DG,2.7,0.5,,C35,ARG,0.7,,,,,,
J21,DG,5.1,0.4,,C36,LYS,0.5,,,,,,
J22,DT,8.3,0.2,,C37,GLY,0.0,,,,,,
J23,DG,6.4,0.5,,C38,ASN,0.1,,,,,,
J24,DC,5.4,0.3,,C39,TYR,0.0,,,,,,
J25,DT,5.8,0.2,,C40,ALA,0.0,,,,,,
J26,DA,3.0,0.2,,C41,GLU,0.7,,,,,,
J27,DG,0.6,0.1,,C42,ARG,0.2,,,,,,
J28,DA,0.7,0.2,,C43,VAL,0.0,,,,,,
J29,DG,2.5,0.4,,C44,GLY,0.0,,,,,,
J30,DC,3.2,0.2,,C45,ALA,0.1,,,,,,
J31,DT,3.7,0.1,,C46,GLY,0.1,,,,,,
J32,DG,5.8,0.5,,C47,ALA,0.0,,,,,,
J33,DT,7.3,0.4,,C48,PRO,0.0,,,,,,
J34,DC,6.2,0.2,,C49,VAL,0.0,,,,,,
J35,DT,4.1,0.1,,C50,TYR,0.0,,,,,,
J36,DA,3.0,0.1,,C51,LEU,0.0,,,,,,
J37,DC,2.0,0.2,,C52,ALA,0.0,,,,,,
J38,DG,1.1,0.1,,C53,ALA,0.0,,,,,,
J39,DA,0.8,0.2,,C54,VAL,0.0,,,,,,
J40,DC,1.4,0.2,,C55,LEU,0.0,,,,,,
J41,DC,2.3,0.1,,C56,GLU,0.1,,,,,,
J42,DA,4.6,0.3,,C57,TYR,0.3,,,,,,
J43,DA,7.2,0.2,,C58,LEU,0.0,,,,,,
J44,DT,5.6,0.1,,C59,THR,0.0,,,,,,
J45,DT,4.1,0.1,,C60,ALA,0.0,,,,,,
J46,DG,2.1,0.2,,C61,GLU,0.6,,,,,,
J47,DA,2.4,0.2,,C62,ILE,0.0,,,,,,
J48,DG,2.1,0.2,,C63,LEU,0.0,,,,,,
J49,DC,0.8,0.3,,C64,GLU,0.8,,,,,,
J50,DG,0.8,0.2,,C65,LEU,0.0,,,,,,
J51,DG,0.8,0.4,,C66,ALA,0.0,,,,,,
J52,DC,2.9,0.1,,C67,GLY,0.0,,,,,,
J53,DC,5.1,0.1,,C68,ASN,0.0,,,,,,
J54,DT,6.6,0.2,,C69,ALA,0.0,,,,,,
J55,DC,8.3,0.4,,C70,ALA,0.0,,,,,,
J56,DG,5.0,0.6,,C71,ARG,0.5,,,,,,
J57,DG,1.8,0.4,,C72,ASP,1.1,,,,,,
J58,DC,0.8,0.3,,C73,ASN,0.1,,,,,,
J59,DA,2.2,0.1,,C74,LYS,0.6,,,,,,
J60,DC,2.4,0.2,,C75,LYS,1.1,,,,,,
J61,DC,2.2,0.4,,C76,THR,0.2,,,,,,
J62,DG,4.7,0.8,,C77,ARG,0.5,,,,,,
J63,DG,8.1,1.0,,C78,ILE,0.0,,,,,,
J64,DG,6.9,0.4,,C79,ILE,0.3,,,,,,
J65,DA,4.3,0.2,,C80,PRO,0.0,,,,,,
J66,DT,3.9,0.2,,C81,ARG,0.2,,,,,,
J67,DT,3.5,0.3,,C82,HIS,0.0,,,,,,
J68,DC,3.6,0.3,,C83,LEU,0.0,,,,,,
J69,DT,1.5,0.1,,C84,GLN,0.1,,,,,,
J70,DC,2.1,0.2,,C85,LEU,0.0,,,,,,
J71,DC,3.4,0.3,,C86,ALA,0.0,,,,,,
J72,DA,4.4,0.8,,C87,VAL,0.0,,,,,,
,,,,,C88,ARG,0.3,,,,,,
,,,,,C89,ASN,0.0,,,,,,
,,,,,C90,ASP,0.2,,,,,,
,,,,,C91,GLU,0.7,,,,,,
,,,,,C92,GLU,0.4,,,,,,
,,,,,C93,LEU,0.0,,,,,,
,,,,,C94,ASN,0.2,,,,,,
,,,,,C95,LYS,0.5,,,,,,
,,,,,C96,LEU,0.0,,,,,,
,,,,,C97,LEU,0.1,,,,,,
,,,,,C98,GLY,0.1,,,,,,
,,,,,C99,ARG,1.1,,,,,,
,,,,,C100,VAL,0.1,,,,,,
,,,,,C101,THR,0.3,,,,,,
,,,,,C102,ILE,0.1,,,,,,
,,,,,C103,ALA,0.0,,,,,,
,,,,,C104,GLN,0.3,,,,,,
,,,,,C105,GLY,0.0,,,,,,
,,,,,C106,GLY,0.1,,,,,,
,,,,,C107,VAL,0.2,,,,,,
,,,,,C108,LEU,0.0,,,,,,
,,,,,C109,PRO,0.0,,,,,,
,,,,,C110,ASN,0.4,,,,,,
,,,,,C111,ILE,0.2,,,,,,
,,,,,C112,GLN,0.4,,,,,,
,,,,,C113,SER,0.0,,,,,,
,,,,,C114,VAL,0.0,,,,,,
,,,,,C115,LEU,0.0,,,,,,
,,,,,C116,LEU,0.0,,,,,,
,,,,,C117,PRO,0.0,,,,,,
,,,,,C118,LYS,0.2,,,,,,
,,,,,C119,LYS,1.0,,,,,,
,,,,,D28,LYS,1.6,,,,,,
,,,,,D29,SER,0.1,,,,,,
,,,,,D30,ARG,0.4,,,,,,
,,,,,D31,LYS,0.4,,,,,,
,,,,,D32,GLU,0.3,,,,,,
,,,,,D33,SER,0.2,,,,,,
,,,,,D34,TYR,0.0,,,,,,
,,,,,D35,ALA,0.0,,,,,,
,,,,,D36,ILE,0.9,,,,,,
,,,,,D37,TYR,0.1,,,,,,
,,,,,D38,VAL,0.0,,,,,,
,,,,,D39,TYR,0.1,,,,,,
,,,,,D40,LYS,0.5,,,,,,
,,,,,D41,VAL,0.0,,,,,,
,,,,,D42,LEU,0.0,,,,,,
,,,,,D43,LYS,0.2,,,,,,
,,,,,D44,GLN,0.0,,,,,,
,,,,,D45,VAL,0.2,,,,,,
,,,,,D46,HIS,0.0,,,,,,
,,,,,D47,PRO,0.2,,,,,,
,,,,,D48,ASP,1.2,,,,,,
,,,,,D49,THR,0.0,,,,,,
,,,,,D50,GLY,0.0,,,,,,
,,,,,D51,ILE,0.0,,,,,,
,,,,,D52,SER,0.0,,,,,,
,,,,,D53,SER,0.2,,,,,,
,,,,,D54,LYS,0.7,,,,,,
,,,,,D55,ALA,0.0,,,,,,
,,,,,D56,MET,0.0,,,,,,
,,,,,D57,SER,0.0,,,,,,
,,,,,D58,ILE,0.0,,,,,,
,,,,,D59,MET,0.0,,,,,,
,,,,,D60,ASN,0.1,,,,,,
,,,,,D61,SER,0.0,,,,,,
,,,,,D62,PHE,0.0,,,,,,
,,,,,D63,VAL,0.0,,,,,,
,,,,,D64,ASN,0.0,,,,,,
,,,,,D65,ASP,0.1,,,,,,
,,,,,D66,VAL,0.0,,,,,,
,,,,,D67,PHE,0.0,,,,,,
,,,,,D68,GLU,0.2,,,,,,
,,,,,D69,ARG,0.6,,,,,,
,,,,,D70,ILE,0.0,,,,,,
,,,,,D71,ALA,0.0,,,,,,
,,,,,D72,GLY,0.0,,,,,,
,,,,,D73,GLU,0.1,,,,,,
,,,,,D74,ALA,0.0,,,,,,
,,,,,D75,SER,0.0,,,,,,
,,,,,D76,ARG,0.1,,,,,,
,,,,,D77,LEU,0.0,,,,,,
,,,,,D78,ALA,0.0,,,,,,
,,,,,D79,HIS,0.1,,,,,,
,,,,,D80,TYR,0.1,,,,,,
,,,,,D81,ASN,0.0,,,,,,
,,,,,D82,LYS,0.7,,,,,,
,,,,,D83,ARG,0.8,,,,,,
,,,,,D84,SER,0.1,,,,,,
,,,,,D85,THR,0.0,,,,,,
,,,,,D86,ILE,0.0,,,,,,
,,,,,D87,THR,0.1,,,,,,
,,,,,D88,SER,0.0,,,,,,
,,,,,D89,ARG,0.4,,,,,,
,,,,,D90,GLU,0.1,,,,,,
,,,,,D91,ILE,0.0,,,,,,
,,,,,D92,GLN,0.0,,,,,,
,,,,,D93,THR,0.1,,,,,,
,,,,,D94,ALA,0.0,,,,,,
,,,,,D95,VAL,0.0,,,,,,
,,,,,D96,ARG,0.4,,,,,,
,,,,,D97,LEU,0.3,,,,,,
,,,,,D98,LEU,0.5,,,,,,
,,,,,D99,LEU,0.1,,,,,,
,,,,,D100,PRO,0.3,,,,,,
,,,,,D101,GLY,0.1,,,,,,
,,,,,D102,GLU,0.4,,,,,,
,,,,,D103,LEU,0.1,,,,,,
,,,,,D104,ALA,0.0,,,,,,
,,,,,D105,LYS,0.4,,,,,,
,,,,,D106,HIS,0.5,,,,,,
,,,,,D107,ALA,0.0,,,,,,
,,,,,D108,VAL,0.0,,,,,,
,,,,,D109,SER,0.0,,,,,,
,,,,,D110,GLU,0.6,,,,,,
,,,,,D111,GLY,0.0,,,,,,
,,,,,D112,THR,0.0,,,,,,
,,,,,D113,LYS,0.6,,,,,,
,,,,,D114,ALA,0.0,,,,,,
,,,,,D115,VAL,0.0,,,,,,
,,,,,D116,THR,0.0,,,,,,
,,,,,D117,LYS,0.4,,,,,,
,,,,,D118,TYR,0.0,,,,,,
,,,,,D119,THR,0.1,,,,,,
,,,,,D120,SER,0.0,,,,,,
,,,,,D121,ALA,0.0,,,,,,
,,,,,D122,LYS,1.7,,,,,,
,,,,,E38,PRO,0.5,,,,,,
,,,,,E39,HIS,0.4,,,,,,
,,,,,E40,ARG,0.5,,,,,,
,,,,,E41,TYR,0.3,,,,,,
,,,,,E42,ARG,0.6,,,,,,
,,,,,E43,PRO,0.3,,,,,,
,,,,,E44,GLY,0.0,,,,,,
,,,,,E45,THR,0.0,,,,,,
,,,,,E46,VAL,0.0,,,,,,
,,,,,E47,ALA,0.0,,,,,,
,,,,,E48,LEU,0.0,,,,,,
,,,,,E49,ARG,0.5,,,,,,
,,,,,E50,GLU,0.1,,,,,,
,,,,,E51,ILE,0.0,,,,,,
,,,,,E52,ARG,0.4,,,,,,
,,,,,E53,ARG,0.2,,,,,,
,,,,,E54,TYR,0.2,,,,,,
,,,,,E55,GLN,0.0,,,,,,
,,,,,E56,LYS,0.4,,,,,,
,,,,,E57,SER,0.1,,,,,,
,,,,,E58,THR,0.5,,,,,,
,,,,,E59,GLU,1.0,,,,,,
,,,,,E60,LEU,0.5,,,,,,
,,,,,E61,LEU,0.1,,,,,,
,,,,,E62,ILE,0.0,,,,,,
,,,,,E63,ARG,0.2,,,,,,
,,,,,E64,LYS,0.6,,,,,,
,,,,,E65,LEU,0.0,,,,,,
,,,,,E66,PRO,0.0,,,,,,
,,,,,E67,PHE,0.0,,,,,,
,,,,,E68,GLN,0.1,,,,,,
,,,,,E69,ARG,0.2,,,,,,
,,,,,E70,LEU,0.0,,,,,,
,,,,,E71,VAL,0.0,,,,,,
,,,,,E72,ARG,0.2,,,,,,
,,,,,E73,GLU,0.5,,,,,,
,,,,,E74,ILE,0.0,,,,,,
,,,,,E75,ALA,0.0,,,,,,
,,,,,E76,GLN,0.2,,,,,,
,,,,,E77,ASP,1.5,,,,,,
,,,,,E78,PHE,0.1,,,,,,
,,,,,E79,LYS,0.5,,,,,,
,,,,,E80,THR,0.1,,,,,,
,,,,,E81,ASP,0.8,,,,,,
,,,,,E82,LEU,0.1,,,,,,
,,,,,E83,ARG,0.2,,,,,,
,,,,,E84,PHE,0.0,,,,,,
,,,,,E85,GLN,0.1,,,,,,
,,,,,E86,SER,0.1,,,,,,
,,,,,E87,SER,0.0,,,,,,
,,,,,E88,ALA,0.0,,,,,,
,,,,,E89,VAL,0.0,,,,,,
,,,,,E90,MET,0.0,,,,,,
,,,,,E91,ALA,0.0,,,,,,
,,,,,E92,LEU,0.0,,,,,,
,,,,,E93,GLN,0.2,,,,,,
,,,,,E94,GLU,0.3,,,,,,
,,,,,E95,ALA,0.0,,,,,,
,,,,,E96,SER,0.1,,,,,,
,,,,,E97,GLU,1.3,,,,,,
,,,,,E98,ALA,0.1,,,,,,
,,,,,E99,TYR,0.2,,,,,,
,,,,,E100,LEU,0.0,,,,,,
,,,,,E101,VAL,0.1,,,,,,
,,,,,E102,GLY,0.1,,,,,,
,,,,,E103,LEU,0.2,,,,,,
,,,,,E104,PHE,0.1,,,,,,
,,,,,E105,GLU,0.8,,,,,,
,,,,,E106,ASP,0.2,,,,,,
,,,,,E107,THR,0.0,,,,,,
,,,,,E108,ASN,0.1,,,,,,
,,,,,E109,LEU,0.1,,,,,,
,,,,,E110,CYS,0.0,,,,,,
,,,,,E111,ALA,0.0,,,,,,
,,,,,E112,ILE,0.0,,,,,,
,,,,,E113,HIS,0.1,,,,,,
,,,,,E114,ALA,0.1,,,,,,
,,,,,E115,LYS,0.6,,,,,,
,,,,,E116,ARG,0.1,,,,,,
,,,,,E117,VAL,0.1,,,,,,
,,,,,E118,THR,0.0,,,,,,
,,,,,E119,ILE,0.0,,,,,,
,,,,,E120,MET,0.0,,,,,,
,,,,,E121,PRO,0.0,,,,,,
,,,,,E122,LYS,0.4,,,,,,
,,,,,E123,ASP,0.0,,,,,,
,,,,,E124,ILE,0.0,,,,,,
,,,,,E125,GLN,0.1,,,,,,
,,,,,E126,LEU,0.0,,,,,,
,,,,,E127,ALA,0.0,,,,,,
,,,,,E128,ARG,0.4,,,,,,
,,,,,E129,ARG,0.8,,,,,,
,,,,,E130,ILE,0.0,,,,,,
,,,,,E131,ARG,0.7,,,,,,
,,,,,E132,GLY,0.1,,,,,,
,,,,,E133,GLU,0.7,,,,,,
,,,,,E134,ARG,0.8,,,,,,
,,,,,E135,ALA,0.3,,,,,,
,,,,,F24,ASP,1.1,,,,,,
,,,,,F25,ASN,0.1,,,,,,
,,,,,F26,ILE,0.0,,,,,,
,,,,,F27,GLN,0.3,,,,,,
,,,,,F28,GLY,0.0,,,,,,
,,,,,F29,ILE,0.0,,,,,,
,,,,,F30,THR,0.1,,,,,,
,,,,,F31,LYS,0.8,,,,,,
,,,,,F32,PRO,0.2,,,,,,
,,,,,F33,ALA,0.0,,,,,,
,,,,,F34,ILE,0.0,,,,,,
,,,,,F35,ARG,0.6,,,,,,
,,,,,F36,ARG,0.3,,,,,,
,,,,,F37,LEU,0.0,,,,,,
,,,,,F38,ALA,0.0,,,,,,
,,,,,F39,ARG,0.3,,,,,,
,,,,,F40,ARG,0.2,,,,,,
,,,,,F41,GLY,0.0,,,,,,
,,,,,F42,GLY,0.0,,,,,,
,,,,,F43,VAL,0.0,,,,,,
,,,,,F44,LYS,0.6,,,,,,
,,,,,F45,ARG,0.4,,,,,,
,,,,,F46,ILE,0.1,,,,,,
,,,,,F47,SER,0.0,,,,,,
,,,,,F48,GLY,0.0,,,,,,
,,,,,F49,LEU,0.0,,,,,,
,,,,,F50,ILE,0.0,,,,,,
,,,,,F51,TYR,0.0,,,,,,
,,,,,F52,GLU,0.2,,,,,,
,,,,,F53,GLU,0.2,,,,,,
,,,,,F54,THR,0.0,,,,,,
,,,,,F55,ARG,0.2,,,,,,
,,,,,F56,GLY,0.0,,,,,,
,,,,,F57,VAL,0.0,,,,,,
,,,,,F58,LEU,0.0,,,,,,
,,,,,F59,LYS,0.2,,,,,,
,,,,,F60,VAL,0.0,,,,,,
,,,,,F61,PHE,0.1,,,,,,
,,,,,F62,LEU,0.0,,,,,,
,,,,,F63,GLU,0.2,,,,,,
,,,,,F64,ASN,0.1,,,,,,
,,,,,F65,VAL,0.0,,,,,,
,,,,,F66,ILE,0.0,,,,,,
,,,,,F67,ARG,0.4,,,,,,
,,,,,F68,ASP,0.2,,,,,,
,,,,,F69,ALA,0.0,,,,,,
,,,,,F70,VAL,0.0,,,,,,
,,,,,F71,THR,0.1,,,,,,
,,,,,F72,TYR,0.3,,,,,,
,,,,,F73,THR,0.0,,,,,,
,,,,,F74,GLU,0.3,,,,,,
,,,,,F75,HIS,0.0,,,,,,
,,,,,F76,ALA,0.0,,,,,,
,,,,,F77,LYS,0.4,,,,,,
,,,,,F78,ARG,0.1,,,,,,
,,,,,F79,LYS,0.2,,,,,,
,,,,,F80,THR,0.0,,,,,,
,,,,,F81,VAL,0.0,,,,,,
,,,,,F82,THR,0.1,,,,,,
,,,,,F83,ALA,0.0,,,,,,
,,,,,F84,MET,0.0,,,,,,
,,,,,F85,ASP,0.2,,,,,,
,,,,,F86,VAL,0.0,,,,,,
,,,,,F87,VAL,0.0,,,,,,
,,,,,F88,TYR,0.4,,,,,,
,,,,,F89,ALA,0.0,,,,,,
,,,,,F90,LEU,0.0,,,,,,
,,,,,F91,LYS,0.4,,,,,,
,,,,,F92,ARG,0.4,,,,,,
,,,,,F93,GLN,0.2,,,,,,
,,,,,F94,GLY,0.1,,,,,,
,,,,,F95,ARG,0.7,,,,,,
,,,,,F96,THR,0.0,,,,,,
,,,,,F97,LEU,0.0,,,,,,
,,,,,F98,TYR,0.1,,,,,,
,,,,,F99,GLY,0.0,,,,,,
,,,,,F100,PHE,0.0,,,,,,
,,,,,F101,GLY,0.0,,,,,,
,,,,,F102,GLY,0.2,,,,,,
