DNA,,,,,,Protein,,
ChainID,Residue Number,Residue,Parch Value,,,ChainID,Residue,Parch Value
,,,BB,NB,,,,
I-72,-72,DA,1.9,0.4,,A38,PRO,1.8
I-71,-71,DT,7.1,0.4,,A39,HIS,0.6
I-70,-70,DC,6.0,0.1,,A40,ARG,1.2
I-69,-69,DA,6.0,0.2,,A41,TYR,0.2
I-68,-68,DG,6.7,0.3,,A42,ARG,0.1
I-67,-67,DA,3.3,0.2,,A43,PRO,0.1
I-66,-66,DA,1.0,0.1,,A44,GLY,0.0
I-65,-65,DT,0.6,0.1,,A45,THR,0.0
I-64,-64,DC,0.4,0.1,,A46,VAL,0.0
I-63,-63,DC,1.2,0.2,,A47,ALA,0.0
I-62,-62,DC,3.9,0.2,,A48,LEU,0.0
I-61,-61,DG,6.1,0.5,,A49,ARG,0.4
I-60,-60,DG,7.3,0.2,,A50,GLU,0.3
I-59,-59,DT,6.8,0.1,,A51,ILE,0.0
I-58,-58,DG,5.2,0.2,,A52,ARG,0.4
I-57,-57,DC,2.8,0.2,,A53,ARG,0.6
I-56,-56,DC,1.7,0.2,,A54,TYR,0.1
I-55,-55,DG,1.2,0.2,,A55,GLN,0.0
I-54,-54,DA,0.7,0.2,,A56,LYS,0.8
I-53,-53,DG,2.0,0.6,,A57,SER,0.2
I-52,-52,DG,3.2,0.8,,A58,THR,0.2
I-51,-51,DC,3.8,0.2,,A59,GLU,0.2
I-50,-50,DC,5.5,0.1,,A60,LEU,0.1
I-49,-49,DG,4.0,0.1,,A61,LEU,0.1
I-48,-48,DC,4.6,0.1,,A62,ILE,0.0
I-47,-47,DT,4.1,0.2,,A63,ARG,0.3
I-46,-46,DC,1.8,0.2,,A64,LYS,0.2
I-45,-45,DA,1.5,0.1,,A65,LEU,0.2
I-44,-44,DA,1.0,0.2,,A66,PRO,0.0
I-43,-43,DT,1.5,0.1,,A67,PHE,0.0
I-42,-42,DT,3.2,0.3,,A68,GLN,0.1
I-41,-41,DG,6.9,0.3,,A69,ARG,0.4
I-40,-40,DG,6.8,0.6,,A70,LEU,0.0
I-39,-39,DT,7.0,0.5,,A71,VAL,0.0
I-38,-38,DC,8.0,0.2,,A72,ARG,0.3
I-37,-37,DG,4.1,0.2,,A73,GLU,0.1
I-36,-36,DT,2.1,0.3,,A74,ILE,0.0
I-35,-35,DA,0.6,0.3,,A75,ALA,0.0
I-34,-34,DG,0.3,0.2,,A76,GLN,0.2
I-33,-33,DA,0.7,0.3,,A77,ASP,1.1
I-32,-32,DC,1.9,0.2,,A78,PHE,0.3
I-31,-31,DA,5.7,0.5,,A79,LYS,0.4
I-30,-30,DG,7.9,0.5,,A80,THR,0.0
I-29,-29,DC,6.1,0.1,,A81,ASP,0.4
I-28,-28,DT,4.3,0.1,,A82,LEU,0.1
I-27,-27,DC,3.8,0.1,,A83,ARG,0.1
I-26,-26,DT,1.8,0.2,,A84,PHE,0.0
I-25,-25,DA,0.8,0.1,,A85,GLN,0.1
I-24,-24,DG,0.4,0.1,,A86,SER,0.2
I-23,-23,DC,1.0,0.1,,A87,SER,0.1
I-22,-22,DA,1.9,0.3,,A88,ALA,0.0
I-21,-21,DC,1.9,0.4,,A89,VAL,0.0
I-20,-20,DC,4.6,0.4,,A90,MET,0.0
I-19,-19,DG,6.6,0.4,,A91,ALA,0.0
I-18,-18,DC,4.9,0.1,,A92,LEU,0.0
I-17,-17,DT,3.8,0.1,,A93,GLN,0.0
I-16,-16,DT,4.1,0.2,,A94,GLU,0.2
I-15,-15,DA,1.6,0.2,,A95,ALA,0.1
I-14,-14,DA,1.0,0.1,,A96,SER,0.0
I-13,-13,DA,0.4,0.1,,A97,GLU,0.1
I-12,-12,DC,1.2,0.2,,A98,ALA,0.2
I-11,-11,DG,3.0,0.4,,A99,TYR,0.2
I-10,-10,DC,4.5,0.1,,A100,LEU,0.0
I-9,-9,DA,4.2,0.2,,A101,VAL,0.0
I-8,-8,DC,5.8,0.1,,A102,ALA,0.1
I-7,-7,DG,3.8,0.1,,A103,LEU,0.1
I-6,-6,DT,0.9,0.1,,A104,PHE,0.1
I-5,-5,DA,0.8,0.1,,A105,GLU,0.4
I-4,-4,DC,1.1,0.1,,A106,ASP,0.0
I-3,-3,DG,0.5,0.1,,A107,THR,0.0
I-2,-2,DC,1.3,0.2,,A108,ASN,0.0
I-1,-1,DG,1.9,0.4,,A109,LEU,0.0
I0,0,DC,3.8,0.2,,A110,CYS,0.0
I1,1,DT,5.6,0.1,,A111,ALA,0.0
I2,2,DG,5.1,0.2,,A112,ILE,0.0
I3,3,DT,5.4,0.1,,A113,HIS,0.0
I4,4,DC,4.5,0.2,,A114,ALA,0.0
I5,5,DC,2.3,0.1,,A115,LYS,1.0
I6,6,DC,0.9,0.1,,A116,ARG,0.2
I7,7,DC,0.4,0.1,,A117,VAL,0.0
I8,8,DC,0.3,0.1,,A118,THR,0.0
I9,9,DG,0.4,0.3,,A119,ILE,0.0
I10,10,DC,1.6,0.1,,A120,MET,0.0
I11,11,DG,3.4,0.2,,A121,PRO,0.0
I12,12,DT,6.1,0.1,,A122,LYS,0.5
I13,13,DT,5.8,0.1,,A123,ASP,0.0
I14,14,DT,6.4,0.1,,A124,ILE,0.0
I15,15,DT,5.3,0.1,,A125,GLN,0.0
I16,16,DA,2.5,0.1,,A126,LEU,0.0
I17,17,DA,0.5,0.0,,A127,ALA,0.0
I18,18,DC,0.1,0.0,,A128,ARG,0.3
I19,19,DC,1.0,0.1,,A129,ARG,0.6
I20,20,DG,3.0,0.7,,A130,ILE,0.0
I21,21,DC,4.5,0.1,,A131,ARG,0.4
I22,22,DC,4.6,0.1,,A132,GLY,0.0
I23,23,DA,5.5,0.2,,A133,GLU,0.1
I24,24,DA,8.9,0.2,,A134,ARG,1.6
I25,25,DG,9.1,0.7,,B20,LYS,1.2
I26,26,DG,3.0,0.4,,B21,VAL,0.1
I27,27,DG,0.5,0.3,,B22,LEU,0.0
I28,28,DG,0.6,0.1,,B23,ARG,1.2
I29,29,DA,0.7,0.0,,B24,ASP,0.5
I30,30,DT,1.1,0.1,,B25,ASN,0.0
I31,31,DT,2.7,0.1,,B26,ILE,0.0
I32,32,DA,4.0,0.2,,B27,GLN,0.1
I33,33,DC,6.5,0.1,,B28,GLY,0.0
I34,34,DT,6.5,0.2,,B29,ILE,0.0
I35,35,DC,5.5,0.1,,B30,THR,0.1
I36,36,DC,3.0,0.2,,B31,LYS,0.7
I37,37,DC,1.6,0.2,,B32,PRO,0.0
I38,38,DT,0.8,0.1,,B33,ALA,0.0
I39,39,DA,0.6,0.2,,B34,ILE,0.0
I40,40,DG,2.0,0.6,,B35,ARG,0.4
I41,41,DT,3.2,0.3,,B36,ARG,0.3
I42,42,DC,6.7,0.1,,B37,LEU,0.0
I43,43,DT,6.4,0.1,,B38,ALA,0.0
I44,44,DC,4.0,0.1,,B39,ARG,0.1
I45,45,DC,3.7,0.1,,B40,ARG,0.1
I46,46,DA,2.2,0.5,,B41,GLY,0.0
I47,47,DG,1.6,0.2,,B42,GLY,0.0
I48,48,DG,0.9,0.1,,B43,VAL,0.0
I49,49,DC,0.5,0.1,,B44,LYS,0.2
I50,50,DA,1.3,0.2,,B45,ARG,0.4
I51,51,DC,1.9,0.2,,B46,ILE,0.0
I52,52,DG,4.6,0.5,,B47,SER,0.0
I53,53,DT,8.5,0.4,,B48,GLY,0.0
I54,54,DG,8.4,0.3,,B49,LEU,0.1
I55,55,DT,5.7,0.3,,B50,ILE,0.0
I56,56,DC,4.3,0.1,,B51,TYR,0.1
I57,57,DA,1.0,0.3,,B52,GLU,1.0
I58,58,DG,0.5,0.1,,B53,GLU,0.2
I59,59,DA,1.3,0.1,,B54,THR,0.0
I60,60,DT,2.0,0.3,,B55,ARG,0.2
I61,61,DA,2.8,0.2,,B56,GLY,0.0
I62,62,DT,6.4,0.1,,B57,VAL,0.0
I63,63,DA,6.0,0.1,,B58,LEU,0.0
I64,64,DT,5.1,0.2,,B59,LYS,0.4
I65,65,DA,6.8,0.1,,B60,VAL,0.1
I66,66,DC,5.3,0.0,,B61,PHE,0.1
I67,67,DA,3.9,0.1,,B62,LEU,0.1
I68,68,DT,3.3,0.2,,B63,GLU,0.7
I69,69,DC,1.7,0.4,,B64,ASN,0.1
I70,70,DG,0.8,0.8,,B65,VAL,0.0
I71,71,DA,3.0,1.0,,B66,ILE,0.0
I72,72,DT,6.0,0.8,,B67,ARG,1.5
J-72,-72,DA,2.3,1.1,,B68,ASP,0.1
J-71,-71,DT,8.2,0.7,,B69,ALA,0.0
J-70,-70,DC,7.4,0.4,,B70,VAL,0.0
J-69,-69,DG,7.7,0.2,,B71,THR,0.1
J-68,-68,DA,4.7,0.2,,B72,TYR,0.0
J-67,-67,DT,1.6,0.3,,B73,THR,0.0
J-66,-66,DG,1.8,0.1,,B74,GLU,0.4
J-65,-65,DT,1.9,0.1,,B75,HIS,0.0
J-64,-64,DA,1.9,0.1,,B76,ALA,0.1
J-63,-63,DT,2.3,0.1,,B77,LYS,0.5
J-62,-62,DA,3.7,0.1,,B78,ARG,0.4
J-61,-61,DT,5.4,0.1,,B79,LYS,0.4
J-60,-60,DA,6.9,0.6,,B80,THR,0.0
J-59,-59,DT,8.6,0.2,,B81,VAL,0.0
J-58,-58,DC,5.5,0.1,,B82,THR,0.0
J-57,-57,DT,3.4,0.3,,B83,ALA,0.0
J-56,-56,DG,1.8,0.5,,B84,MET,0.0
J-55,-55,DA,1.6,0.4,,B85,ASP,0.0
J-54,-54,DC,0.6,0.2,,B86,VAL,0.0
J-53,-53,DA,2.3,0.3,,B87,VAL,0.0
J-52,-52,DC,3.8,0.2,,B88,TYR,0.1
J-51,-51,DG,5.1,0.5,,B89,ALA,0.0
J-50,-50,DT,7.0,0.2,,B90,LEU,0.0
J-49,-49,DG,5.8,0.2,,B91,LYS,0.6
J-48,-48,DC,4.5,0.1,,B92,ARG,0.2
J-47,-47,DC,3.0,0.1,,B93,GLN,0.0
J-46,-46,DT,0.9,0.4,,B94,GLY,0.0
J-45,-45,DG,0.6,0.5,,B95,ARG,0.6
J-44,-44,DG,0.5,0.3,,B96,THR,0.1
J-43,-43,DA,0.2,0.1,,B97,LEU,0.1
J-42,-42,DG,1.4,0.4,,B98,TYR,0.1
J-41,-41,DA,4.2,0.3,,B99,GLY,0.0
J-40,-40,DC,7.1,0.2,,B100,PHE,0.1
J-39,-39,DT,6.9,0.2,,B101,GLY,0.0
J-38,-38,DA,8.2,0.2,,B102,GLY,0.3
J-37,-37,DG,4.9,0.7,,C16,THR,1.4
J-36,-36,DG,2.0,0.7,,C17,ARG,0.1
J-35,-35,DG,1.0,0.1,,C18,SER,0.0
J-34,-34,DA,0.8,0.1,,C19,SER,0.1
J-33,-33,DG,1.7,0.3,,C20,ARG,1.4
J-32,-32,DT,1.5,0.2,,C21,ALA,0.0
J-31,-31,DA,4.4,0.1,,C22,GLY,0.1
J-30,-30,DA,6.5,0.2,,C23,LEU,0.0
J-29,-29,DT,7.3,0.2,,C24,GLN,0.1
J-28,-28,DC,4.6,0.0,,C25,PHE,0.0
J-27,-27,DC,3.0,0.1,,C26,PRO,0.0
J-26,-26,DC,1.5,0.1,,C27,VAL,0.0
J-25,-25,DC,0.9,0.1,,C28,GLY,0.0
J-24,-24,DT,1.3,0.1,,C29,ARG,0.1
J-23,-23,DT,2.3,0.2,,C30,VAL,0.0
J-22,-22,DG,3.3,0.2,,C31,HIS,0.2
J-21,-21,DG,5.3,0.1,,C32,ARG,0.8
J-20,-20,DC,6.6,0.2,,C33,LEU,0.0
J-19,-19,DG,9.3,0.3,,C34,LEU,0.0
J-18,-18,DG,5.7,0.2,,C35,ARG,1.0
J-17,-17,DT,5.5,0.0,,C36,LYS,1.0
J-16,-16,DT,3.8,0.2,,C37,GLY,0.0
J-15,-15,DA,1.9,0.1,,C38,ASN,0.1
J-14,-14,DA,1.2,0.0,,C39,TYR,0.2
J-13,-13,DA,0.3,0.1,,C40,ALA,0.0
J-12,-12,DA,0.5,0.2,,C41,GLU,1.0
J-11,-11,DC,1.4,0.2,,C42,ARG,0.3
J-10,-10,DG,3.7,0.2,,C43,VAL,0.1
J-9,-9,DC,6.3,0.1,,C44,GLY,0.0
J-8,-8,DG,5.9,0.3,,C45,ALA,0.3
J-7,-7,DG,5.0,0.5,,C46,GLY,0.0
J-6,-6,DG,2.6,0.4,,C47,ALA,0.0
J-5,-5,DG,1.1,0.3,,C48,PRO,0.0
J-4,-4,DG,0.8,0.2,,C49,VAL,0.0
J-3,-3,DA,0.3,0.1,,C50,TYR,0.0
J-2,-2,DC,1.0,0.1,,C51,LEU,0.0
J-1,-1,DA,1.6,0.4,,C52,ALA,0.0
J0,0,DG,2.5,0.4,,C53,ALA,0.0
J1,1,DC,4.2,0.2,,C54,VAL,0.0
J2,2,DG,6.8,0.3,,C55,LEU,0.0
J3,3,DC,6.4,0.1,,C56,GLU,0.1
J4,4,DG,4.3,0.1,,C57,TYR,0.0
J5,5,DT,2.5,0.0,,C58,LEU,0.0
J6,6,DA,0.9,0.1,,C59,THR,0.1
J7,7,DC,0.3,0.1,,C60,ALA,0.0
J8,8,DG,0.4,0.1,,C61,GLU,0.4
J9,9,DT,0.3,0.3,,C62,ILE,0.0
J10,10,DG,1.1,0.2,,C63,LEU,0.0
J11,11,DC,2.6,0.1,,C64,GLU,0.8
J12,12,DG,4.1,0.1,,C65,LEU,0.0
J13,13,DT,6.6,0.1,,C66,ALA,0.0
J14,14,DT,6.3,0.1,,C67,GLY,0.0
J15,15,DT,4.5,0.1,,C68,ASN,0.0
J16,16,DA,2.5,0.2,,C69,ALA,0.0
J17,17,DA,0.7,0.2,,C70,ALA,0.0
J18,18,DG,0.5,0.2,,C71,ARG,0.1
J19,19,DC,1.2,0.7,,C72,ASP,0.6
J20,20,DG,2.2,0.9,,C73,ASN,0.0
J21,21,DG,4.2,0.2,,C74,LYS,0.4
J22,22,DT,6.6,0.1,,C75,LYS,0.3
J23,23,DG,5.8,0.2,,C76,THR,0.2
J24,24,DC,6.1,0.1,,C77,ARG,0.2
J25,25,DT,4.7,0.0,,C78,ILE,0.0
J26,26,DA,2.1,0.2,,C79,ILE,0.1
J27,27,DG,0.5,0.1,,C80,PRO,0.0
J28,28,DA,0.5,0.1,,C81,ARG,0.3
J29,29,DG,1.4,0.1,,C82,HIS,0.0
J30,30,DC,1.9,0.1,,C83,LEU,0.0
J31,31,DT,2.3,0.2,,C84,GLN,0.0
J32,32,DG,5.8,0.3,,C85,LEU,0.0
J33,33,DT,7.8,0.2,,C86,ALA,0.0
J34,34,DC,7.2,0.1,,C87,VAL,0.0
J35,35,DT,6.1,0.1,,C88,ARG,0.1
J36,36,DA,3.6,0.1,,C89,ASN,0.0
J37,37,DC,2.0,0.2,,C90,ASP,0.2
J38,38,DG,1.3,0.2,,C91,GLU,0.8
J39,39,DA,1.5,0.3,,C92,GLU,0.2
J40,40,DC,1.9,0.4,,C93,LEU,0.0
J41,41,DC,4.2,0.1,,C94,ASN,0.1
J42,42,DA,5.8,0.3,,C95,LYS,0.3
J43,43,DA,6.5,0.2,,C96,LEU,0.0
J44,44,DT,6.3,0.1,,C97,LEU,0.0
J45,45,DT,6.9,0.2,,C98,GLY,0.1
J46,46,DG,6.0,0.3,,C99,ARG,0.9
J47,47,DA,3.1,0.1,,C100,VAL,0.0
J48,48,DG,1.4,0.2,,C101,THR,0.1
J49,49,DC,0.8,0.1,,C102,ILE,0.0
J50,50,DG,0.8,0.2,,C103,ALA,0.0
J51,51,DG,0.8,0.2,,C104,GLN,0.3
J52,52,DC,3.0,0.2,,C105,GLY,0.0
J53,53,DC,5.2,0.2,,C106,GLY,0.2
J54,54,DT,6.6,0.1,,C107,VAL,0.3
J55,55,DC,7.8,0.2,,C108,LEU,0.1
J56,56,DG,4.1,0.4,,C109,PRO,0.1
J57,57,DG,0.6,0.2,,C110,ASN,0.4
J58,58,DC,0.2,0.1,,C111,ILE,0.2
J59,59,DA,1.5,0.1,,C112,GLN,0.1
J60,60,DC,1.4,0.1,,C113,SER,0.0
J61,61,DC,2.5,0.5,,C114,VAL,0.0
J62,62,DG,6.0,0.7,,C115,LEU,0.1
J63,63,DG,8.0,0.8,,C116,LEU,0.0
J64,64,DG,6.7,0.3,,C117,PRO,0.1
J65,65,DA,5.3,0.1,,C118,LYS,0.9
J66,66,DT,4.1,0.1,,D28,LYS,1.0
J67,67,DT,3.0,0.1,,D29,THR,0.1
J68,68,DC,2.6,0.1,,D30,ARG,0.3
J69,69,DT,1.0,0.4,,D31,LYS,1.0
J70,70,DG,0.3,0.1,,D32,GLU,0.7
J71,71,DA,1.1,0.2,,D33,SER,0.3
J72,72,DT,3.3,0.7,,D34,TYR,0.1
,,,,,,D35,ALA,0.1
,,,,,,D36,ILE,0.2
,,,,,,D37,TYR,0.0
,,,,,,D38,VAL,0.0
,,,,,,D39,TYR,0.3
,,,,,,D40,LYS,0.4
,,,,,,D41,VAL,0.0
,,,,,,D42,LEU,0.0
,,,,,,D43,LYS,0.2
,,,,,,D44,GLN,0.1
,,,,,,D45,VAL,0.1
,,,,,,D46,HIS,0.0
,,,,,,D47,PRO,0.1
,,,,,,D48,ASP,0.5
,,,,,,D49,THR,0.0
,,,,,,D50,GLY,0.1
,,,,,,D51,ILE,0.0
,,,,,,D52,SER,0.0
,,,,,,D53,SER,0.0
,,,,,,D54,LYS,0.5
,,,,,,D55,ALA,0.0
,,,,,,D56,MET,0.0
,,,,,,D57,SER,0.0
,,,,,,D58,ILE,0.0
,,,,,,D59,MET,0.1
,,,,,,D60,ASN,0.1
,,,,,,D61,SER,0.0
,,,,,,D62,PHE,0.1
,,,,,,D63,VAL,0.1
,,,,,,D64,ASN,0.0
,,,,,,D65,ASP,0.1
,,,,,,D66,VAL,0.0
,,,,,,D67,PHE,0.0
,,,,,,D68,GLU,0.5
,,,,,,D69,ARG,0.6
,,,,,,D70,ILE,0.0
,,,,,,D71,ALA,0.0
,,,,,,D72,GLY,0.0
,,,,,,D73,GLU,0.1
,,,,,,D74,ALA,0.0
,,,,,,D75,SER,0.0
,,,,,,D76,ARG,0.8
,,,,,,D77,LEU,0.0
,,,,,,D78,ALA,0.0
,,,,,,D79,HIS,0.2
,,,,,,D80,TYR,0.2
,,,,,,D81,ASN,0.0
,,,,,,D82,LYS,0.7
,,,,,,D83,ARG,0.1
,,,,,,D84,SER,0.1
,,,,,,D85,THR,0.0
,,,,,,D86,ILE,0.1
,,,,,,D87,THR,0.0
,,,,,,D88,SER,0.0
,,,,,,D89,ARG,0.1
,,,,,,D90,GLU,0.0
,,,,,,D91,ILE,0.0
,,,,,,D92,GLN,0.0
,,,,,,D93,THR,0.0
,,,,,,D94,ALA,0.0
,,,,,,D95,VAL,0.0
,,,,,,D96,ARG,1.0
,,,,,,D97,LEU,0.1
,,,,,,D98,LEU,0.0
,,,,,,D99,LEU,0.0
,,,,,,D100,PRO,0.0
,,,,,,D101,GLY,0.1
,,,,,,D102,GLU,0.3
,,,,,,D103,LEU,0.0
,,,,,,D104,ALA,0.0
,,,,,,D105,LYS,0.3
,,,,,,D106,HIS,0.1
,,,,,,D107,ALA,0.0
,,,,,,D108,VAL,0.0
,,,,,,D109,SER,0.0
,,,,,,D110,GLU,0.2
,,,,,,D111,GLY,0.0
,,,,,,D112,THR,0.0
,,,,,,D113,LYS,0.6
,,,,,,D114,ALA,0.0
,,,,,,D115,VAL,0.0
,,,,,,D116,THR,0.0
,,,,,,D117,LYS,0.2
,,,,,,D118,TYR,0.2
,,,,,,D119,THR,0.0
,,,,,,D120,SER,0.0
,,,,,,D121,ALA,0.1
,,,,,,D122,LYS,2.0
,,,,,,E39,HIS,0.6
,,,,,,E40,ARG,0.6
,,,,,,E41,TYR,0.5
,,,,,,E42,ARG,0.2
,,,,,,E43,PRO,0.2
,,,,,,E44,GLY,0.0
,,,,,,E45,THR,0.0
,,,,,,E46,VAL,0.0
,,,,,,E47,ALA,0.0
,,,,,,E48,LEU,0.0
,,,,,,E49,ARG,0.3
,,,,,,E50,GLU,0.2
,,,,,,E51,ILE,0.0
,,,,,,E52,ARG,0.3
,,,,,,E53,ARG,0.4
,,,,,,E54,TYR,0.1
,,,,,,E55,GLN,0.1
,,,,,,E56,LYS,0.4
,,,,,,E57,SER,0.1
,,,,,,E58,THR,0.1
,,,,,,E59,GLU,0.1
,,,,,,E60,LEU,0.3
,,,,,,E61,LEU,0.0
,,,,,,E62,ILE,0.1
,,,,,,E63,ARG,0.3
,,,,,,E64,LYS,0.2
,,,,,,E65,LEU,0.1
,,,,,,E66,PRO,0.1
,,,,,,E67,PHE,0.0
,,,,,,E68,GLN,0.2
,,,,,,E69,ARG,0.9
,,,,,,E70,LEU,0.1
,,,,,,E71,VAL,0.0
,,,,,,E72,ARG,0.4
,,,,,,E73,GLU,0.7
,,,,,,E74,ILE,0.1
,,,,,,E75,ALA,0.0
,,,,,,E76,GLN,0.1
,,,,,,E77,ASP,0.7
,,,,,,E78,PHE,0.0
,,,,,,E79,LYS,0.3
,,,,,,E80,THR,0.1
,,,,,,E81,ASP,0.5
,,,,,,E82,LEU,0.0
,,,,,,E83,ARG,0.3
,,,,,,E84,PHE,0.1
,,,,,,E85,GLN,0.1
,,,,,,E86,SER,0.1
,,,,,,E87,SER,0.1
,,,,,,E88,ALA,0.0
,,,,,,E89,VAL,0.0
,,,,,,E90,MET,0.0
,,,,,,E91,ALA,0.0
,,,,,,E92,LEU,0.0
,,,,,,E93,GLN,0.0
,,,,,,E94,GLU,0.1
,,,,,,E95,ALA,0.0
,,,,,,E96,SER,0.0
,,,,,,E97,GLU,0.2
,,,,,,E98,ALA,0.1
,,,,,,E99,TYR,0.1
,,,,,,E100,LEU,0.0
,,,,,,E101,VAL,0.0
,,,,,,E102,ALA,0.1
,,,,,,E103,LEU,0.0
,,,,,,E104,PHE,0.0
,,,,,,E105,GLU,0.9
,,,,,,E106,ASP,0.1
,,,,,,E107,THR,0.0
,,,,,,E108,ASN,0.0
,,,,,,E109,LEU,0.1
,,,,,,E110,CYS,0.0
,,,,,,E111,ALA,0.0
,,,,,,E112,ILE,0.0
,,,,,,E113,HIS,0.1
,,,,,,E114,ALA,0.0
,,,,,,E115,LYS,0.7
,,,,,,E116,ARG,0.3
,,,,,,E117,VAL,0.2
,,,,,,E118,THR,0.0
,,,,,,E119,ILE,0.0
,,,,,,E120,MET,0.0
,,,,,,E121,PRO,0.0
,,,,,,E122,LYS,0.2
,,,,,,E123,ASP,0.0
,,,,,,E124,ILE,0.0
,,,,,,E125,GLN,0.2
,,,,,,E126,LEU,0.0
,,,,,,E127,ALA,0.0
,,,,,,E128,ARG,0.3
,,,,,,E129,ARG,0.3
,,,,,,E130,ILE,0.0
,,,,,,E131,ARG,0.4
,,,,,,E132,GLY,0.0
,,,,,,E133,GLU,0.2
,,,,,,E134,ARG,0.3
,,,,,,E135,ALA,0.1
,,,,,,F25,ASN,0.6
,,,,,,F26,ILE,0.0
,,,,,,F27,GLN,0.1
,,,,,,F28,GLY,0.0
,,,,,,F29,ILE,0.0
,,,,,,F30,THR,0.1
,,,,,,F31,LYS,0.3
,,,,,,F32,PRO,0.0
,,,,,,F33,ALA,0.0
,,,,,,F34,ILE,0.0
,,,,,,F35,ARG,0.3
,,,,,,F36,ARG,0.1
,,,,,,F37,LEU,0.0
,,,,,,F38,ALA,0.0
,,,,,,F39,ARG,0.1
,,,,,,F40,ARG,0.0
,,,,,,F41,GLY,0.0
,,,,,,F42,GLY,0.0
,,,,,,F43,VAL,0.0
,,,,,,F44,LYS,0.3
,,,,,,F45,ARG,0.2
,,,,,,F46,ILE,0.0
,,,,,,F47,SER,0.0
,,,,,,F48,GLY,0.1
,,,,,,F49,LEU,0.1
,,,,,,F50,ILE,0.0
,,,,,,F51,TYR,0.1
,,,,,,F52,GLU,0.2
,,,,,,F53,GLU,0.4
,,,,,,F54,THR,0.0
,,,,,,F55,ARG,0.1
,,,,,,F56,GLY,0.1
,,,,,,F57,VAL,0.0
,,,,,,F58,LEU,0.0
,,,,,,F59,LYS,0.5
,,,,,,F60,VAL,0.1
,,,,,,F61,PHE,0.0
,,,,,,F62,LEU,0.0
,,,,,,F63,GLU,0.4
,,,,,,F64,ASN,0.2
,,,,,,F65,VAL,0.0
,,,,,,F66,ILE,0.0
,,,,,,F67,ARG,1.3
,,,,,,F68,ASP,0.1
,,,,,,F69,ALA,0.0
,,,,,,F70,VAL,0.0
,,,,,,F71,THR,0.1
,,,,,,F72,TYR,0.0
,,,,,,F73,THR,0.0
,,,,,,F74,GLU,0.4
,,,,,,F75,HIS,0.1
,,,,,,F76,ALA,0.0
,,,,,,F77,LYS,0.9
,,,,,,F78,ARG,0.4
,,,,,,F79,LYS,0.4
,,,,,,F80,THR,0.0
,,,,,,F81,VAL,0.0
,,,,,,F82,THR,0.0
,,,,,,F83,ALA,0.0
,,,,,,F84,MET,0.0
,,,,,,F85,ASP,0.0
,,,,,,F86,VAL,0.0
,,,,,,F87,VAL,0.0
,,,,,,F88,TYR,0.0
,,,,,,F89,ALA,0.0
,,,,,,F90,LEU,0.0
,,,,,,F91,LYS,0.3
,,,,,,F92,ARG,0.5
,,,,,,F93,GLN,0.1
,,,,,,F94,GLY,0.0
,,,,,,F95,ARG,0.3
,,,,,,F96,THR,0.1
,,,,,,F97,LEU,0.0
,,,,,,F98,TYR,0.0
,,,,,,F99,GLY,0.0
,,,,,,F100,PHE,0.0
,,,,,,F101,GLY,0.0
,,,,,,F102,GLY,0.1
,,,,,,G14,ALA,0.3
,,,,,,G15,LYS,0.4
,,,,,,G16,THR,0.2
,,,,,,G17,ARG,0.2
,,,,,,G18,SER,0.0
,,,,,,G19,SER,0.1
,,,,,,G20,ARG,0.1
,,,,,,G21,ALA,0.0
,,,,,,G22,GLY,0.3
,,,,,,G23,LEU,0.2
,,,,,,G24,GLN,0.2
,,,,,,G25,PHE,0.0
,,,,,,G26,PRO,0.0
,,,,,,G27,VAL,0.0
,,,,,,G28,GLY,0.0
,,,,,,G29,ARG,0.0
,,,,,,G30,VAL,0.0
,,,,,,G31,HIS,0.0
,,,,,,G32,ARG,0.2
,,,,,,G33,LEU,0.0
,,,,,,G34,LEU,0.0
,,,,,,G35,ARG,0.5
,,,,,,G36,LYS,0.6
,,,,,,G37,GLY,0.0
,,,,,,G38,ASN,0.1
,,,,,,G39,TYR,0.1
,,,,,,G40,ALA,0.0
,,,,,,G41,GLU,0.4
,,,,,,G42,ARG,0.3
,,,,,,G43,VAL,0.0
,,,,,,G44,GLY,0.0
,,,,,,G45,ALA,0.2
,,,,,,G46,GLY,0.0
,,,,,,G47,ALA,0.0
,,,,,,G48,PRO,0.0
,,,,,,G49,VAL,0.0
,,,,,,G50,TYR,0.0
,,,,,,G51,LEU,0.0
,,,,,,G52,ALA,0.0
,,,,,,G53,ALA,0.0
,,,,,,G54,VAL,0.0
,,,,,,G55,LEU,0.1
,,,,,,G56,GLU,0.1
,,,,,,G57,TYR,0.1
,,,,,,G58,LEU,0.0
,,,,,,G59,THR,0.0
,,,,,,G60,ALA,0.0
,,,,,,G61,GLU,0.5
,,,,,,G62,ILE,0.1
,,,,,,G63,LEU,0.0
,,,,,,G64,GLU,0.6
,,,,,,G65,LEU,0.0
,,,,,,G66,ALA,0.0
,,,,,,G67,GLY,0.0
,,,,,,G68,ASN,0.0
,,,,,,G69,ALA,0.0
,,,,,,G70,ALA,0.0
,,,,,,G71,ARG,0.2
,,,,,,G72,ASP,0.5
,,,,,,G73,ASN,0.0
,,,,,,G74,LYS,0.8
,,,,,,G75,LYS,0.5
,,,,,,G76,THR,0.1
,,,,,,G77,ARG,0.4
,,,,,,G78,ILE,0.0
,,,,,,G79,ILE,0.1
,,,,,,G80,PRO,0.1
,,,,,,G81,ARG,0.2
,,,,,,G82,HIS,0.0
,,,,,,G83,LEU,0.0
,,,,,,G84,GLN,0.1
,,,,,,G85,LEU,0.0
,,,,,,G86,ALA,0.0
,,,,,,G87,VAL,0.0
,,,,,,G88,ARG,0.2
,,,,,,G89,ASN,0.0
,,,,,,G90,ASP,0.5
,,,,,,G91,GLU,0.8
,,,,,,G92,GLU,0.4
,,,,,,G93,LEU,0.0
,,,,,,G94,ASN,0.0
,,,,,,G95,LYS,0.4
,,,,,,G96,LEU,0.0
,,,,,,G97,LEU,0.1
,,,,,,G98,GLY,0.0
,,,,,,G99,ARG,1.0
,,,,,,G100,VAL,0.1
,,,,,,G101,THR,0.2
,,,,,,G102,ILE,0.2
,,,,,,G103,ALA,0.0
,,,,,,G104,GLN,0.4
,,,,,,G105,GLY,0.1
,,,,,,G106,GLY,0.3
,,,,,,G107,VAL,0.1
,,,,,,G108,LEU,0.0
,,,,,,G109,PRO,0.0
,,,,,,G110,ASN,0.1
,,,,,,G111,ILE,0.1
,,,,,,G112,GLN,0.1
,,,,,,G113,SER,0.0
,,,,,,G114,VAL,0.1
,,,,,,G115,LEU,0.0
,,,,,,G116,LEU,0.1
,,,,,,G117,PRO,0.0
,,,,,,G118,LYS,1.8
,,,,,,H29,THR,0.5
,,,,,,H30,ARG,0.3
,,,,,,H31,LYS,1.0
,,,,,,H32,GLU,0.1
,,,,,,H33,SER,0.2
,,,,,,H34,TYR,0.2
,,,,,,H35,ALA,0.0
,,,,,,H36,ILE,0.4
,,,,,,H37,TYR,0.0
,,,,,,H38,VAL,0.0
,,,,,,H39,TYR,0.1
,,,,,,H40,LYS,0.4
,,,,,,H41,VAL,0.0
,,,,,,H42,LEU,0.0
,,,,,,H43,LYS,0.4
,,,,,,H44,GLN,0.0
,,,,,,H45,VAL,0.2
,,,,,,H46,HIS,0.0
,,,,,,H47,PRO,0.1
,,,,,,H48,ASP,0.6
,,,,,,H49,THR,0.0
,,,,,,H50,GLY,0.1
,,,,,,H51,ILE,0.0
,,,,,,H52,SER,0.0
,,,,,,H53,SER,0.1
,,,,,,H54,LYS,0.5
,,,,,,H55,ALA,0.0
,,,,,,H56,MET,0.0
,,,,,,H57,SER,0.0
,,,,,,H58,ILE,0.0
,,,,,,H59,MET,0.0
,,,,,,H60,ASN,0.0
,,,,,,H61,SER,0.0
,,,,,,H62,PHE,0.0
,,,,,,H63,VAL,0.1
,,,,,,H64,ASN,0.2
,,,,,,H65,ASP,0.2
,,,,,,H66,VAL,0.0
,,,,,,H67,PHE,0.0
,,,,,,H68,GLU,0.1
,,,,,,H69,ARG,0.7
,,,,,,H70,ILE,0.1
,,,,,,H71,ALA,0.0
,,,,,,H72,GLY,0.0
,,,,,,H73,GLU,0.2
,,,,,,H74,ALA,0.0
,,,,,,H75,SER,0.0
,,,,,,H76,ARG,0.9
,,,,,,H77,LEU,0.0
,,,,,,H78,ALA,0.0
,,,,,,H79,HIS,0.1
,,,,,,H80,TYR,0.2
,,,,,,H81,ASN,0.1
,,,,,,H82,LYS,0.5
,,,,,,H83,ARG,0.3
,,,,,,H84,SER,0.2
,,,,,,H85,THR,0.0
,,,,,,H86,ILE,0.0
,,,,,,H87,THR,0.2
,,,,,,H88,SER,0.0
,,,,,,H89,ARG,0.6
,,,,,,H90,GLU,0.0
,,,,,,H91,ILE,0.0
,,,,,,H92,GLN,0.0
,,,,,,H93,THR,0.0
,,,,,,H94,ALA,0.0
,,,,,,H95,VAL,0.0
,,,,,,H96,ARG,1.1
,,,,,,H97,LEU,0.2
,,,,,,H98,LEU,0.1
,,,,,,H99,LEU,0.0
,,,,,,H100,PRO,0.0
,,,,,,H101,GLY,0.2
,,,,,,H102,GLU,0.5
,,,,,,H103,LEU,0.0
,,,,,,H104,ALA,0.0
,,,,,,H105,LYS,0.4
,,,,,,H106,HIS,0.1
,,,,,,H107,ALA,0.0
,,,,,,H108,VAL,0.0
,,,,,,H109,SER,0.0
,,,,,,H110,GLU,0.2
,,,,,,H111,GLY,0.0
,,,,,,H112,THR,0.0
,,,,,,H113,LYS,1.4
,,,,,,H114,ALA,0.0
,,,,,,H115,VAL,0.0
,,,,,,H116,THR,0.0
,,,,,,H117,LYS,0.3
,,,,,,H118,TYR,0.1
,,,,,,H119,THR,0.0
,,,,,,H120,SER,0.1
,,,,,,H121,ALA,1.3
