DNA1,,,,,DNA2,,,,,Protein1,,,,Protein2,,
ChainID,Residue,Parch Value,,,ChainID,Residue,Parch Value,,,ChainID,Residue,Parch Value,,ChainID,Residue,Parch Value
,,BB,NB,,,,BB,NB,,,,,,,,
I-73,DA,2.1,0.7,,S-73,DA,0.5,0.2,,A38,PRO,1.5,,K37,LYS,2.8
I-72,DT,7.9,0.6,,S-72,DT,3.4,0.2,,A39,HIS,1.0,,K38,PRO,2.7
I-71,DC,9.3,0.2,,S-71,DC,8.1,0.1,,A40,ARG,0.3,,K39,HIS,0.3
I-70,DA,6.8,0.2,,S-70,DA,6.8,0.4,,A41,TYR,0.1,,K40,ARG,1.2
I-69,DA,5.2,0.1,,S-69,DA,5.9,0.2,,A42,ARG,0.2,,K41,TYR,0.1
I-68,DT,0.9,0.2,,S-68,DT,3.2,0.1,,A43,PRO,0.1,,K42,ARG,0.3
I-67,DA,0.7,0.1,,S-67,DA,1.3,0.1,,A44,GLY,0.0,,K43,PRO,0.3
I-66,DT,0.9,0.1,,S-66,DT,1.2,0.1,,A45,THR,0.0,,K44,GLY,0.0
I-65,DC,0.5,0.1,,S-65,DC,2.8,0.0,,A46,VAL,0.0,,K45,THR,0.0
I-64,DC,1.9,0.2,,S-64,DC,1.1,0.1,,A47,ALA,0.0,,K46,VAL,0.0
I-63,DA,5.7,0.8,,S-63,DA,0.9,0.2,,A48,LEU,0.0,,K47,ALA,0.0
I-62,DC,7.0,0.4,,S-62,DC,1.6,0.1,,A49,ARG,0.5,,K48,LEU,0.0
I-61,DC,7.6,0.3,,S-61,DC,3.4,0.1,,A50,GLU,0.1,,K49,ARG,0.6
I-60,DT,8.4,0.3,,S-60,DT,5.8,0.1,,A51,ILE,0.0,,K50,GLU,0.2
I-59,DG,6.4,0.1,,S-59,DG,4.9,0.1,,A52,ARG,0.4,,K51,ILE,0.0
I-58,DC,3.9,0.4,,S-58,DC,3.6,0.1,,A53,ARG,0.4,,K52,ARG,0.3
I-57,DA,2.0,0.4,,S-57,DA,1.9,0.1,,A54,TYR,0.2,,K53,ARG,0.4
I-56,DG,0.8,0.1,,S-56,DG,1.5,0.1,,A55,GLN,0.1,,K54,TYR,0.0
I-55,DA,0.3,0.1,,S-55,DA,0.8,0.1,,A56,LYS,0.2,,K55,GLN,0.0
I-54,DT,0.6,0.1,,S-54,DT,0.7,0.1,,A57,SER,0.1,,K56,LYS,0.2
I-53,DA,2.4,0.3,,S-53,DA,0.5,0.0,,A58,THR,0.1,,K57,SER,0.1
I-52,DC,6.8,0.1,,S-52,DC,0.7,0.1,,A59,GLU,0.1,,K58,THR,0.3
I-51,DT,6.2,0.1,,S-51,DT,1.8,0.2,,A60,LEU,0.3,,K59,GLU,0.2
I-50,DA,4.2,0.1,,S-50,DA,5.3,0.2,,A61,LEU,0.1,,K60,LEU,0.0
I-49,DC,4.4,0.1,,S-49,DC,6.8,0.1,,A62,ILE,0.1,,K61,LEU,0.0
I-48,DC,5.9,0.1,,S-48,DC,4.1,0.1,,A63,ARG,0.3,,K62,ILE,0.0
I-47,DA,2.7,0.2,,S-47,DA,2.2,0.2,,A64,LYS,0.5,,K63,ARG,0.2
I-46,DA,0.9,0.1,,S-46,DA,1.5,0.2,,A65,LEU,0.0,,K64,LYS,0.1
I-45,DA,0.6,0.3,,S-45,DA,2.0,0.0,,A66,PRO,0.0,,K65,LEU,0.0
I-44,DA,0.8,0.3,,S-44,DA,0.3,0.1,,A67,PHE,0.0,,K66,PRO,0.0
I-43,DG,1.6,0.3,,S-43,DG,0.1,0.1,,A68,GLN,0.0,,K67,PHE,0.0
I-42,DT,2.2,0.4,,S-42,DT,0.3,0.1,,A69,ARG,0.0,,K68,GLN,0.0
I-41,DG,4.7,0.7,,S-41,DG,2.5,0.4,,A70,LEU,0.0,,K69,ARG,0.1
I-40,DT,8.0,0.3,,S-40,DT,5.8,0.1,,A71,VAL,0.0,,K70,LEU,0.0
I-39,DA,7.1,0.1,,S-39,DA,6.7,0.1,,A72,ARG,0.0,,K71,VAL,0.0
I-38,DT,5.7,0.1,,S-38,DT,5.1,0.1,,A73,GLU,0.0,,K72,ARG,0.2
I-37,DT,4.2,0.2,,S-37,DT,3.8,0.1,,A74,ILE,0.0,,K73,GLU,0.1
I-36,DT,0.6,0.2,,S-36,DT,3.0,0.1,,A75,ALA,0.0,,K74,ILE,0.0
I-35,DG,0.2,0.1,,S-35,DG,0.8,0.4,,A76,GLN,0.2,,K75,ALA,0.0
I-34,DG,0.5,0.2,,S-34,DG,0.2,0.1,,A77,ASP,0.8,,K76,GLN,0.0
I-33,DA,1.3,0.1,,S-33,DA,0.7,0.1,,A78,PHE,0.0,,K77,ASP,0.2
I-32,DA,3.4,0.2,,S-32,DA,1.3,0.2,,A79,LYS,0.4,,K78,PHE,0.2
I-31,DA,6.8,0.3,,S-31,DA,1.9,0.3,,A80,THR,0.1,,K79,LYS,0.2
I-30,DC,7.6,0.1,,S-30,DC,6.0,0.1,,A81,ASP,0.2,,K80,THR,0.1
I-29,DT,5.7,0.1,,S-29,DT,5.8,0.1,,A82,LEU,0.1,,K81,ASP,0.2
I-28,DG,4.9,0.1,,S-28,DG,3.7,0.4,,A83,ARG,0.0,,K82,LEU,0.1
I-27,DC,3.8,0.1,,S-27,DC,4.8,0.1,,A84,PHE,0.1,,K83,ARG,0.1
I-26,DT,1.6,0.4,,S-26,DT,2.6,0.1,,A85,GLN,0.0,,K84,PHE,0.0
I-25,DC,0.7,0.1,,S-25,DC,0.6,0.1,,A86,SER,0.1,,K85,GLN,0.1
I-24,DC,0.2,0.0,,S-24,DC,0.1,0.0,,A87,SER,0.0,,K86,SER,0.1
I-23,DA,0.3,0.1,,S-23,DA,0.4,0.0,,A88,ALA,0.0,,K87,SER,0.2
I-22,DT,2.6,0.1,,S-22,DT,0.9,0.1,,A89,VAL,0.0,,K88,ALA,0.0
I-21,DC,5.9,0.1,,S-21,DC,2.9,0.1,,A90,MET,0.0,,K89,VAL,0.0
I-20,DA,6.6,0.4,,S-20,DA,5.5,0.3,,A91,ALA,0.0,,K90,MET,0.0
I-19,DA,8.7,0.1,,S-19,DA,8.5,0.1,,A92,LEU,0.0,,K91,ALA,0.0
I-18,DA,6.5,0.0,,S-18,DA,6.6,0.1,,A93,GLN,0.0,,K92,LEU,0.1
I-17,DT,4.8,0.1,,S-17,DT,6.0,0.1,,A94,GLU,0.2,,K93,GLN,0.0
I-16,DT,5.5,0.4,,S-16,DT,3.5,0.1,,A95,ALA,0.0,,K94,GLU,0.4
I-15,DA,2.4,0.4,,S-15,DA,2.0,0.1,,A96,SER,0.0,,K95,ALA,0.1
I-14,DA,1.1,0.1,,S-14,DA,0.5,0.1,,A97,GLU,0.0,,K96,SER,0.0
I-13,DA,0.5,0.1,,S-13,DA,0.1,0.1,,A98,ALA,0.0,,K97,GLU,0.1
I-12,DT,1.2,0.3,,S-12,DT,0.4,0.1,,A99,TYR,0.2,,K98,ALA,0.2
I-11,DG,3.5,0.5,,S-11,DG,0.7,0.3,,A100,LEU,0.1,,K99,TYR,0.6
I-10,DT,7.5,0.1,,S-10,DT,3.3,0.2,,A101,VAL,0.0,,K100,LEU,0.0
I-9,DT,6.1,0.1,,S-9,DT,8.0,0.2,,A102,ALA,0.1,,K101,VAL,0.0
I-8,DC,4.1,0.0,,S-8,DC,3.9,0.0,,A103,LEU,0.0,,K102,ALA,0.0
I-7,DT,3.9,0.1,,S-7,DT,2.7,0.1,,A104,PHE,0.0,,K103,LEU,0.1
I-6,DT,1.7,0.1,,S-6,DT,2.6,0.1,,A105,GLU,0.5,,K104,PHE,0.1
I-5,DA,0.4,0.1,,S-5,DA,2.1,0.1,,A106,ASP,0.0,,K105,GLU,0.6
I-4,DA,0.3,0.1,,S-4,DA,1.3,0.1,,A107,THR,0.0,,K106,ASP,0.1
I-3,DA,0.5,0.2,,S-3,DA,0.4,0.1,,A108,ASN,0.1,,K107,THR,0.0
I-2,DG,1.9,0.7,,S-2,DG,0.5,0.2,,A109,LEU,0.0,,K108,ASN,0.0
I-1,DG,2.0,0.3,,S-1,DG,0.5,0.4,,A110,CYS,0.0,,K109,LEU,0.0
I0,DA,6.3,0.4,,S0,DA,1.6,0.4,,A111,ALA,0.0,,K110,CYS,0.0
I1,DC,7.4,0.2,,S1,DC,4.5,0.1,,A112,ILE,0.0,,K111,ALA,0.0
I2,DC,5.5,0.1,,S2,DC,6.0,0.1,,A113,HIS,0.1,,K112,ILE,0.0
I3,DT,3.7,0.1,,S3,DT,7.8,0.1,,A114,ALA,0.1,,K113,HIS,0.1
I4,DT,1.1,0.1,,S4,DT,6.2,0.1,,A115,LYS,0.7,,K114,ALA,0.0
I5,DT,0.6,0.1,,S5,DT,4.8,0.1,,A116,ARG,0.2,,K115,LYS,1.0
I6,DA,0.8,0.3,,S6,DA,1.5,0.1,,A117,VAL,0.1,,K116,ARG,0.1
I7,DA,0.6,0.1,,S7,DA,0.5,0.1,,A118,THR,0.0,,K117,VAL,0.2
I8,DG,0.5,0.2,,S8,DG,0.5,0.1,,A119,ILE,0.0,,K118,THR,0.0
I9,DA,0.3,0.4,,S9,DA,0.3,0.2,,A120,MET,0.0,,K119,ILE,0.0
I10,DA,0.5,0.3,,S10,DA,1.7,0.3,,A121,PRO,0.0,,K120,MET,0.0
I11,DC,1.6,0.1,,S11,DC,6.4,0.3,,A122,LYS,0.2,,K121,PRO,0.0
I12,DA,5.0,0.0,,S12,DA,9.0,0.3,,A123,ASP,0.0,,K122,LYS,0.1
I13,DT,3.7,0.0,,S13,DT,9.1,0.1,,A124,ILE,0.0,,K123,ASP,0.0
I14,DT,1.2,0.1,,S14,DT,9.0,0.1,,A125,GLN,0.1,,K124,ILE,0.1
I15,DT,1.1,0.1,,S15,DT,7.5,0.1,,A126,LEU,0.0,,K125,GLN,0.1
I16,DA,1.5,0.1,,S16,DA,2.2,0.1,,A127,ALA,0.0,,K126,LEU,0.0
I17,DA,0.4,0.1,,S17,DA,0.2,0.1,,A128,ARG,0.1,,K127,ALA,0.0
I18,DT,0.3,0.0,,S18,DT,0.3,0.1,,A129,ARG,0.0,,K128,ARG,0.4
I19,DT,0.6,0.1,,S19,DT,1.7,0.8,,A130,ILE,0.0,,K129,ARG,0.7
I20,DT,1.9,0.1,,S20,DT,4.6,1.2,,A131,ARG,0.7,,K130,ILE,0.1
I21,DG,3.4,0.1,,S21,DG,6.7,1.1,,A132,GLY,0.1,,K131,ARG,0.3
I22,DA,5.8,0.1,,S22,DA,10.2,0.3,,A133,GLU,0.2,,K132,GLY,0.0
I23,DT,3.4,0.1,,S23,DT,9.9,0.2,,A134,ARG,0.8,,K133,GLU,0.5
I24,DG,1.7,0.1,,S24,DG,9.1,1.3,,A135,ALA,0.8,,K134,ARG,0.6
I25,DG,0.5,0.2,,S25,DG,4.6,0.5,,B24,ASP,0.5,,K135,ALA,0.7
I26,DA,0.9,0.1,,S26,DA,2.9,0.2,,B25,ASN,0.0,,L24,ASP,0.5
I27,DG,0.9,0.2,,S27,DG,0.8,0.2,,B26,ILE,0.0,,L25,ASN,0.1
I28,DC,0.3,0.1,,S28,DC,0.6,0.2,,B27,GLN,0.2,,L26,ILE,0.0
I29,DA,1.0,0.0,,S29,DA,0.9,0.1,,B28,GLY,0.0,,L27,GLN,0.2
I30,DG,0.9,0.1,,S30,DG,0.6,0.3,,B29,ILE,0.0,,L28,GLY,0.0
I31,DT,1.8,0.1,,S31,DT,2.3,0.3,,B30,THR,0.1,,L29,ILE,0.0
I32,DT,4.3,0.1,,S32,DT,5.4,0.2,,B31,LYS,0.4,,L30,THR,0.0
I33,DT,8.0,0.1,,S33,DT,8.7,0.3,,B32,PRO,0.0,,L31,LYS,0.2
I34,DC,4.3,0.1,,S34,DC,9.8,0.3,,B33,ALA,0.1,,L32,PRO,0.0
I35,DC,3.3,0.1,,S35,DC,7.8,0.1,,B34,ILE,0.0,,L33,ALA,0.0
I36,DA,1.5,0.1,,S36,DA,4.9,0.1,,B35,ARG,0.4,,L34,ILE,0.0
I37,DA,0.7,0.1,,S37,DA,2.0,0.1,,B36,ARG,0.5,,L35,ARG,0.2
I38,DA,0.3,0.1,,S38,DA,0.8,0.1,,B37,LEU,0.1,,L36,ARG,0.2
I39,DT,0.4,0.1,,S39,DT,1.1,0.4,,B38,ALA,0.0,,L37,LEU,0.0
I40,DA,1.7,0.1,,S40,DA,2.4,0.9,,B39,ARG,0.0,,L38,ALA,0.0
I41,DC,2.8,0.0,,S41,DC,3.8,0.4,,B40,ARG,0.1,,L39,ARG,0.0
I42,DA,5.5,0.1,,S42,DA,7.5,0.5,,B41,GLY,0.0,,L40,ARG,0.1
I43,DC,5.5,0.0,,S43,DC,8.7,0.3,,B42,GLY,0.0,,L41,GLY,0.0
I44,DT,4.0,0.0,,S44,DT,6.4,0.1,,B43,VAL,0.0,,L42,GLY,0.0
I45,DT,2.3,0.0,,S45,DT,4.4,0.1,,B44,LYS,0.4,,L43,VAL,0.0
I46,DT,0.9,0.1,,S46,DT,2.9,0.1,,B45,ARG,0.2,,L44,LYS,0.3
I47,DT,0.6,0.1,,S47,DT,4.2,0.2,,B46,ILE,0.0,,L45,ARG,0.3
I48,DG,0.8,0.2,,S48,DG,2.7,0.1,,B47,SER,0.0,,L46,ILE,0.0
I49,DG,0.6,0.2,,S49,DG,0.4,0.1,,B48,GLY,0.0,,L47,SER,0.0
I50,DT,1.3,0.1,,S50,DT,0.5,0.4,,B49,LEU,0.0,,L48,GLY,0.1
I51,DA,2.1,0.1,,S51,DA,2.1,0.4,,B50,ILE,0.0,,L49,LEU,0.0
I52,DG,4.7,0.5,,S52,DG,7.4,0.5,,B51,TYR,0.1,,L50,ILE,0.0
I53,DT,7.9,0.1,,S53,DT,7.5,0.1,,B52,GLU,0.3,,L51,TYR,0.0
I54,DA,7.8,0.1,,S54,DA,8.0,0.4,,B53,GLU,0.3,,L52,GLU,0.1
I55,DT,5.9,0.1,,S55,DT,8.9,0.4,,B54,THR,0.0,,L53,GLU,0.3
I56,DC,2.5,0.1,,S56,DC,6.7,0.2,,B55,ARG,0.2,,L54,THR,0.0
I57,DT,0.5,0.1,,S57,DT,3.1,0.2,,B56,GLY,0.1,,L55,ARG,0.1
I58,DG,0.3,0.1,,S58,DG,1.1,0.1,,B57,VAL,0.0,,L56,GLY,0.0
I59,DC,0.3,0.0,,S59,DC,1.0,0.1,,B58,LEU,0.1,,L57,VAL,0.0
I60,DA,0.9,0.1,,S60,DA,1.6,0.3,,B59,LYS,0.3,,L58,LEU,0.0
I61,DG,2.8,0.3,,S61,DG,1.4,0.6,,B60,VAL,0.0,,L59,LYS,0.3
I62,DG,5.2,0.3,,S62,DG,3.8,0.5,,B61,PHE,0.0,,L60,VAL,0.2
I63,DT,9.5,0.4,,S63,DT,8.8,0.5,,B62,LEU,0.0,,L61,PHE,0.2
I64,DG,11.3,0.4,,S64,DG,10.2,0.5,,B63,GLU,0.3,,L62,LEU,0.0
I65,DG,7.6,0.1,,S65,DG,7.8,0.4,,B64,ASN,0.0,,L63,GLU,0.1
I66,DA,4.2,0.1,,S66,DA,6.7,0.1,,B65,VAL,0.0,,L64,ASN,0.1
I67,DT,1.7,0.2,,S67,DT,4.8,0.1,,B66,ILE,0.0,,L65,VAL,0.0
I68,DA,1.4,0.4,,S68,DA,3.4,0.1,,B67,ARG,0.4,,L66,ILE,0.0
I69,DT,2.2,0.3,,S69,DT,1.9,0.2,,B68,ASP,0.2,,L67,ARG,0.3
I70,DT,1.1,0.2,,S70,DT,1.0,0.2,,B69,ALA,0.0,,L68,ASP,0.1
I71,DG,1.1,0.8,,S71,DG,0.8,0.3,,B70,VAL,0.0,,L69,ALA,0.0
I72,DA,5.2,0.2,,S72,DA,4.7,0.5,,B71,THR,0.0,,L70,VAL,0.0
I73,DT,4.3,0.1,,S73,DT,7.0,0.8,,B72,TYR,0.0,,L71,THR,0.0
J-73,DA,0.4,0.2,,T-73,DA,2.0,0.5,,B73,THR,0.0,,L72,TYR,0.1
J-72,DT,3.4,0.1,,T-72,DT,7.8,0.6,,B74,GLU,0.6,,L73,THR,0.0
J-71,DC,8.8,0.1,,T-71,DC,8.8,0.2,,B75,HIS,0.1,,L74,GLU,0.2
J-70,DA,8.9,0.4,,T-70,DA,6.7,0.1,,B76,ALA,0.0,,L75,HIS,0.0
J-69,DA,9.3,0.3,,T-69,DA,4.1,0.0,,B77,LYS,0.6,,L76,ALA,0.0
J-68,DT,6.1,0.3,,T-68,DT,1.4,0.2,,B78,ARG,0.4,,L77,LYS,0.8
J-67,DA,1.3,0.2,,T-67,DA,0.7,0.1,,B79,LYS,0.2,,L78,ARG,0.1
J-66,DT,0.9,0.1,,T-66,DT,0.5,0.1,,B80,THR,0.0,,L79,LYS,0.1
J-65,DC,1.0,0.1,,T-65,DC,0.6,0.1,,B81,VAL,0.0,,L80,THR,0.0
J-64,DC,1.1,0.1,,T-64,DC,1.1,0.1,,B82,THR,0.0,,L81,VAL,0.0
J-63,DA,1.6,0.5,,T-63,DA,3.2,0.4,,B83,ALA,0.0,,L82,THR,0.0
J-62,DC,4.9,0.3,,T-62,DC,7.9,0.3,,B84,MET,0.0,,L83,ALA,0.0
J-61,DC,8.0,0.1,,T-61,DC,7.7,0.3,,B85,ASP,0.0,,L84,MET,0.0
J-60,DT,7.4,0.1,,T-60,DT,6.8,0.4,,B86,VAL,0.0,,L85,ASP,0.0
J-59,DG,6.1,0.1,,T-59,DG,6.6,0.1,,B87,VAL,0.0,,L86,VAL,0.0
J-58,DC,5.0,0.0,,T-58,DC,7.4,0.2,,B88,TYR,0.0,,L87,VAL,0.0
J-57,DA,3.3,0.0,,T-57,DA,2.4,0.5,,B89,ALA,0.0,,L88,TYR,0.1
J-56,DG,1.0,0.1,,T-56,DG,0.9,0.5,,B90,LEU,0.0,,L89,ALA,0.0
J-55,DA,0.7,0.1,,T-55,DA,0.4,0.1,,B91,LYS,0.3,,L90,LEU,0.0
J-54,DT,0.3,0.1,,T-54,DT,1.1,0.1,,B92,ARG,0.3,,L91,LYS,0.5
J-53,DA,0.7,0.3,,T-53,DA,4.0,0.2,,B93,GLN,0.1,,L92,ARG,0.3
J-52,DC,2.2,0.1,,T-52,DC,6.6,0.1,,B94,GLY,0.0,,L93,GLN,0.1
J-51,DT,5.6,0.2,,T-51,DT,6.6,0.1,,B95,ARG,0.4,,L94,GLY,0.0
J-50,DA,8.1,0.1,,T-50,DA,5.9,0.1,,B96,THR,0.1,,L95,ARG,0.4
J-49,DC,5.3,0.1,,T-49,DC,4.3,0.0,,B97,LEU,0.0,,L96,THR,0.0
J-48,DC,3.1,0.0,,T-48,DC,5.4,0.1,,B98,TYR,0.0,,L97,LEU,0.0
J-47,DA,0.9,0.2,,T-47,DA,3.5,0.1,,B99,GLY,0.0,,L98,TYR,0.1
J-46,DA,0.3,0.1,,T-46,DA,0.8,0.4,,B100,PHE,0.0,,L99,GLY,0.0
J-45,DA,0.4,0.0,,T-45,DA,1.3,0.2,,B101,GLY,0.0,,L100,PHE,0.1
J-44,DA,0.2,0.1,,T-44,DA,1.9,0.2,,B102,GLY,0.2,,L101,GLY,0.0
J-43,DG,0.1,0.0,,T-43,DG,0.3,0.1,,C15,LYS,1.1,,L102,GLY,0.3
J-42,DT,0.8,0.1,,T-42,DT,1.9,0.1,,C16,THR,0.3,,M15,LYS,0.6
J-41,DG,3.0,0.1,,T-41,DG,5.2,0.3,,C17,ARG,0.5,,M16,THR,0.1
J-40,DT,4.6,0.0,,T-40,DT,7.4,0.4,,C18,SER,0.0,,M17,ARG,0.0
J-39,DA,7.2,0.2,,T-39,DA,10.5,0.1,,C19,SER,0.1,,M18,SER,0.0
J-38,DT,7.6,0.1,,T-38,DT,8.0,0.1,,C20,ARG,0.3,,M19,SER,0.0
J-37,DT,4.9,0.2,,T-37,DT,4.1,0.3,,C21,ALA,0.0,,M20,ARG,0.2
J-36,DT,1.5,0.1,,T-36,DT,1.8,0.5,,C22,GLY,0.0,,M21,ALA,0.0
J-35,DG,0.6,0.1,,T-35,DG,0.5,0.5,,C23,LEU,0.2,,M22,GLY,0.1
J-34,DG,0.4,0.1,,T-34,DG,0.5,0.4,,C24,GLN,0.1,,M23,LEU,0.1
J-33,DA,0.7,0.1,,T-33,DA,2.0,0.3,,C25,PHE,0.0,,M24,GLN,0.0
J-32,DA,0.6,0.2,,T-32,DA,4.4,0.2,,C26,PRO,0.0,,M25,PHE,0.0
J-31,DA,1.3,0.2,,T-31,DA,7.8,0.4,,C27,VAL,0.0,,M26,PRO,0.0
J-30,DC,5.0,0.2,,T-30,DC,9.7,0.2,,C28,GLY,0.0,,M27,VAL,0.0
J-29,DT,4.7,0.0,,T-29,DT,6.0,0.1,,C29,ARG,0.0,,M28,GLY,0.0
J-28,DG,2.7,0.1,,T-28,DG,4.5,0.1,,C30,VAL,0.0,,M29,ARG,0.1
J-27,DC,1.9,0.1,,T-27,DC,3.9,0.1,,C31,HIS,0.5,,M30,VAL,0.0
J-26,DT,2.0,0.1,,T-26,DT,2.7,0.4,,C32,ARG,0.2,,M31,HIS,0.1
J-25,DC,0.9,0.0,,T-25,DC,1.1,0.3,,C33,LEU,0.0,,M32,ARG,0.5
J-24,DC,0.6,0.1,,T-24,DC,0.5,0.1,,C34,LEU,0.0,,M33,LEU,0.0
J-23,DA,0.4,0.1,,T-23,DA,1.4,0.1,,C35,ARG,0.3,,M34,LEU,0.0
J-22,DT,0.5,0.1,,T-22,DT,1.7,0.7,,C36,LYS,0.5,,M35,ARG,0.4
J-21,DC,1.1,0.1,,T-21,DC,3.1,0.3,,C37,GLY,0.0,,M36,LYS,0.5
J-20,DA,1.3,0.1,,T-20,DA,5.0,0.7,,C38,ASN,0.1,,M37,GLY,0.1
J-19,DA,2.0,0.2,,T-19,DA,8.3,0.2,,C39,TYR,0.1,,M38,ASN,0.3
J-18,DA,4.9,0.1,,T-18,DA,7.5,0.1,,C40,ALA,0.0,,M39,TYR,0.1
J-17,DT,5.1,0.1,,T-17,DT,5.0,0.1,,C41,GLU,0.4,,M40,ALA,0.0
J-16,DT,2.8,0.1,,T-16,DT,6.3,0.6,,C42,ARG,0.1,,M41,GLU,0.3
J-15,DA,1.9,0.1,,T-15,DA,2.8,0.3,,C43,VAL,0.1,,M42,ARG,0.1
J-14,DA,1.0,0.1,,T-14,DA,1.1,0.1,,C44,GLY,0.0,,M43,VAL,0.0
J-13,DA,1.1,0.0,,T-13,DA,0.8,0.3,,C45,ALA,0.3,,M44,GLY,0.0
J-12,DT,2.0,0.3,,T-12,DT,2.2,0.5,,C46,GLY,0.0,,M45,ALA,0.1
J-11,DG,1.4,0.2,,T-11,DG,3.3,0.7,,C47,ALA,0.0,,M46,GLY,0.0
J-10,DT,0.8,0.3,,T-10,DT,5.4,0.1,,C48,PRO,0.0,,M47,ALA,0.0
J-9,DT,3.3,0.1,,T-9,DT,7.4,0.1,,C49,VAL,0.0,,M48,PRO,0.0
J-8,DC,3.4,0.1,,T-8,DC,3.7,0.0,,C50,TYR,0.0,,M49,VAL,0.0
J-7,DT,3.9,0.1,,T-7,DT,3.3,0.1,,C51,LEU,0.0,,M50,TYR,0.0
J-6,DT,3.0,0.2,,T-6,DT,1.5,0.2,,C52,ALA,0.0,,M51,LEU,0.0
J-5,DA,2.0,0.1,,T-5,DA,0.7,0.1,,C53,ALA,0.0,,M52,ALA,0.0
J-4,DA,1.7,0.1,,T-4,DA,0.3,0.0,,C54,VAL,0.0,,M53,ALA,0.0
J-3,DA,0.7,0.1,,T-3,DA,0.4,0.2,,C55,LEU,0.0,,M54,VAL,0.0
J-2,DG,1.3,0.1,,T-2,DG,1.4,0.7,,C56,GLU,0.2,,M55,LEU,0.0
J-1,DG,1.1,0.3,,T-1,DG,2.8,0.5,,C57,TYR,0.2,,M56,GLU,0.1
J0,DT,1.3,0.5,,T0,DT,4.4,0.4,,C58,LEU,0.1,,M57,TYR,0.1
J1,DC,3.6,0.2,,T1,DC,4.1,0.2,,C59,THR,0.0,,M58,LEU,0.0
J2,DC,7.8,0.1,,T2,DC,5.9,0.1,,C60,ALA,0.0,,M59,THR,0.0
J3,DT,8.7,0.1,,T3,DT,5.0,0.0,,C61,GLU,0.5,,M60,ALA,0.0
J4,DT,7.2,0.0,,T4,DT,3.0,0.1,,C62,ILE,0.0,,M61,GLU,0.3
J5,DT,4.3,0.2,,T5,DT,1.4,0.4,,C63,LEU,0.0,,M62,ILE,0.0
J6,DA,1.6,0.1,,T6,DA,0.8,0.2,,C64,GLU,0.9,,M63,LEU,0.0
J7,DA,0.3,0.1,,T7,DA,0.4,0.1,,C65,LEU,0.0,,M64,GLU,0.6
J8,DG,0.5,0.1,,T8,DG,0.3,0.1,,C66,ALA,0.0,,M65,LEU,0.0
J9,DA,0.2,0.1,,T9,DA,0.2,0.2,,C67,GLY,0.0,,M66,ALA,0.0
J10,DA,0.9,0.2,,T10,DA,1.0,0.1,,C68,ASN,0.0,,M67,GLY,0.0
J11,DC,4.4,0.1,,T11,DC,4.6,0.1,,C69,ALA,0.0,,M68,ASN,0.0
J12,DA,7.5,0.4,,T12,DA,6.6,0.1,,C70,ALA,0.0,,M69,ALA,0.0
J13,DT,9.1,0.2,,T13,DT,5.5,0.1,,C71,ARG,0.1,,M70,ALA,0.0
J14,DT,8.1,0.2,,T14,DT,4.9,0.1,,C72,ASP,0.5,,M71,ARG,0.2
J15,DT,5.7,0.1,,T15,DT,3.2,0.5,,C73,ASN,0.0,,M72,ASP,0.4
J16,DA,1.8,0.4,,T16,DA,1.1,0.2,,C74,LYS,0.4,,M73,ASN,0.1
J17,DA,0.2,0.0,,T17,DA,0.2,0.0,,C75,LYS,0.3,,M74,LYS,0.3
J18,DT,0.3,0.1,,T18,DT,0.2,0.0,,C76,THR,0.1,,M75,LYS,0.2
J19,DT,1.6,0.4,,T19,DT,0.5,0.1,,C77,ARG,0.1,,M76,THR,0.1
J20,DT,4.6,0.5,,T20,DT,2.4,0.1,,C78,ILE,0.0,,M77,ARG,0.1
J21,DG,6.9,0.6,,T21,DG,4.6,0.4,,C79,ILE,0.0,,M78,ILE,0.0
J22,DA,8.4,0.1,,T22,DA,8.6,0.1,,C80,PRO,0.0,,M79,ILE,0.0
J23,DT,8.7,0.2,,T23,DT,9.3,0.1,,C81,ARG,0.1,,M80,PRO,0.0
J24,DG,9.3,0.3,,T24,DG,6.9,0.1,,C82,HIS,0.0,,M81,ARG,0.0
J25,DG,9.1,0.1,,T25,DG,3.5,0.1,,C83,LEU,0.0,,M82,HIS,0.0
J26,DA,3.6,0.2,,T26,DA,0.7,0.0,,C84,GLN,0.0,,M83,LEU,0.0
J27,DG,0.4,0.1,,T27,DG,0.1,0.0,,C85,LEU,0.0,,M84,GLN,0.0
J28,DC,0.5,0.1,,T28,DC,0.3,0.1,,C86,ALA,0.0,,M85,LEU,0.0
J29,DA,1.0,0.1,,T29,DA,2.3,0.3,,C87,VAL,0.0,,M86,ALA,0.0
J30,DG,1.0,0.2,,T30,DG,1.1,0.3,,C88,ARG,0.1,,M87,VAL,0.0
J31,DT,0.8,0.2,,T31,DT,1.5,0.2,,C89,ASN,0.0,,M88,ARG,0.1
J32,DT,3.6,0.1,,T32,DT,4.1,0.2,,C90,ASP,0.1,,M89,ASN,0.0
J33,DT,6.4,0.1,,T33,DT,6.2,0.1,,C91,GLU,0.1,,M90,ASP,0.1
J34,DC,7.9,0.1,,T34,DC,5.3,0.2,,C92,GLU,0.4,,M91,GLU,0.9
J35,DC,6.4,0.1,,T35,DC,4.2,0.1,,C93,LEU,0.0,,M92,GLU,0.2
J36,DA,4.6,0.0,,T36,DA,1.4,0.2,,C94,ASN,0.1,,M93,LEU,0.0
J37,DA,1.8,0.1,,T37,DA,0.6,0.1,,C95,LYS,0.5,,M94,ASN,0.1
J38,DA,1.1,0.1,,T38,DA,0.4,0.1,,C96,LEU,0.0,,M95,LYS,0.5
J39,DT,0.7,0.5,,T39,DT,0.5,0.1,,C97,LEU,0.0,,M96,LEU,0.0
J40,DA,0.9,0.4,,T40,DA,1.1,0.1,,C98,GLY,0.1,,M97,LEU,0.0
J41,DC,3.8,0.4,,T41,DC,3.0,0.1,,C99,ARG,1.0,,M98,GLY,0.0
J42,DA,8.1,0.4,,T42,DA,4.7,0.2,,C100,VAL,0.0,,M99,ARG,1.3
J43,DC,6.7,0.2,,T43,DC,6.4,0.1,,C101,THR,0.1,,M100,VAL,0.1
J44,DT,6.6,0.1,,T44,DT,5.4,0.1,,C102,ILE,0.1,,M101,THR,0.1
J45,DT,7.4,0.1,,T45,DT,3.4,0.1,,C103,ALA,0.0,,M102,ILE,0.1
J46,DT,9.3,0.2,,T46,DT,1.8,0.1,,C104,GLN,0.3,,M103,ALA,0.0
J47,DT,6.3,0.2,,T47,DT,1.3,0.2,,C105,GLY,0.0,,M104,GLN,0.2
J48,DG,1.5,0.1,,T48,DG,0.6,0.2,,C106,GLY,0.3,,M105,GLY,0.0
J49,DG,0.2,0.1,,T49,DG,0.1,0.0,,C107,VAL,0.1,,M106,GLY,0.0
J50,DT,0.5,0.1,,T50,DT,0.8,0.1,,C108,LEU,0.0,,M107,VAL,0.1
J51,DA,0.7,0.0,,T51,DA,2.1,0.1,,C109,PRO,0.0,,M108,LEU,0.0
J52,DG,1.1,0.1,,T52,DG,2.8,0.1,,C110,ASN,0.4,,M109,PRO,0.0
J53,DT,4.0,0.1,,T53,DT,4.7,0.1,,C111,ILE,0.1,,M110,ASN,0.1
J54,DA,6.6,0.2,,T54,DA,4.2,0.0,,C112,GLN,0.1,,M111,ILE,0.0
J55,DT,8.3,0.3,,T55,DT,2.6,0.1,,C113,SER,0.0,,M112,GLN,0.1
J56,DC,6.6,0.1,,T56,DC,1.4,0.1,,C114,VAL,0.1,,M113,SER,0.0
J57,DT,4.9,0.2,,T57,DT,1.2,0.1,,C115,LEU,0.0,,M114,VAL,0.0
J58,DG,1.3,0.2,,T58,DG,0.4,0.1,,C116,LEU,0.0,,M115,LEU,0.0
J59,DC,0.2,0.1,,T59,DC,0.5,0.0,,C117,PRO,0.1,,M116,LEU,0.1
J60,DA,1.2,0.3,,T60,DA,1.7,0.1,,C118,LYS,1.6,,M117,PRO,0.2
J61,DG,1.4,1.1,,T61,DG,2.4,0.2,,D23,GLY,0.6,,M118,LYS,0.5
J62,DG,3.3,1.2,,T62,DG,4.3,0.3,,D24,LYS,0.9,,M119,LYS,0.5
J63,DT,8.9,0.8,,T63,DT,6.7,0.1,,D25,LYS,1.7,,M120,THR,0.3
J64,DG,11.5,0.6,,T64,DG,8.5,0.1,,D26,ARG,0.7,,N27,ARG,1.0
J65,DG,10.0,0.3,,T65,DG,5.1,0.1,,D27,ARG,1.2,,N28,LYS,0.7
J66,DA,7.7,0.1,,T66,DA,2.3,0.1,,D28,LYS,0.2,,N29,THR,0.1
J67,DT,5.3,0.1,,T67,DT,1.4,0.1,,D29,THR,0.3,,N30,ARG,0.5
J68,DA,3.8,0.1,,T68,DA,1.0,0.1,,D30,ARG,0.3,,N31,LYS,0.5
J69,DT,2.1,0.3,,T69,DT,2.3,0.2,,D31,LYS,0.4,,N32,GLU,0.3
J70,DT,1.2,0.5,,T70,DT,2.0,0.2,,D32,GLU,0.1,,N33,SER,0.0
J71,DG,0.7,0.5,,T71,DG,1.5,0.7,,D33,SER,0.2,,N34,TYR,0.0
J72,DA,2.8,0.3,,T72,DA,3.4,0.2,,D34,TYR,0.0,,N35,ALA,0.0
J73,DT,5.6,1.3,,T73,DT,4.2,0.1,,D35,ALA,0.0,,N36,ILE,0.1
S-73,DA,0.5,0.2,,,,,,,D36,ILE,0.2,,N37,TYR,0.1
S-72,DT,3.4,0.2,,,,,,,D37,TYR,0.0,,N38,VAL,0.0
S-71,DC,8.1,0.1,,,,,,,D38,VAL,0.0,,N39,TYR,0.1
S-70,DA,6.8,0.4,,,,,,,D39,TYR,0.1,,N40,LYS,0.1
S-69,DA,5.9,0.2,,,,,,,D40,LYS,0.2,,N41,VAL,0.0
S-68,DT,3.2,0.1,,,,,,,D41,VAL,0.0,,N42,LEU,0.0
S-67,DA,1.3,0.1,,,,,,,D42,LEU,0.0,,N43,LYS,0.2
S-66,DT,1.2,0.1,,,,,,,D43,LYS,0.1,,N44,GLN,0.0
S-65,DC,2.8,0.0,,,,,,,D44,GLN,0.0,,N45,VAL,0.0
S-64,DC,1.1,0.1,,,,,,,D45,VAL,0.1,,N46,HIS,0.0
S-63,DA,0.9,0.2,,,,,,,D46,HIS,0.0,,N47,PRO,0.1
S-62,DC,1.6,0.1,,,,,,,D47,PRO,0.0,,N48,ASP,0.3
S-61,DC,3.4,0.1,,,,,,,D48,ASP,0.7,,N49,THR,0.0
S-60,DT,5.8,0.1,,,,,,,D49,THR,0.0,,N50,GLY,0.0
S-59,DG,4.9,0.1,,,,,,,D50,GLY,0.0,,N51,ILE,0.0
S-58,DC,3.6,0.1,,,,,,,D51,ILE,0.0,,N52,SER,0.0
S-57,DA,1.9,0.1,,,,,,,D52,SER,0.0,,N53,SER,0.2
S-56,DG,1.5,0.1,,,,,,,D53,SER,0.0,,N54,LYS,0.4
S-55,DA,0.8,0.1,,,,,,,D54,LYS,0.4,,N55,ALA,0.0
S-54,DT,0.7,0.1,,,,,,,D55,ALA,0.0,,N56,MET,0.0
S-53,DA,0.5,0.0,,,,,,,D56,MET,0.0,,N57,SER,0.0
S-52,DC,0.7,0.1,,,,,,,D57,SER,0.0,,N58,ILE,0.0
S-51,DT,1.8,0.2,,,,,,,D58,ILE,0.0,,N59,MET,0.0
S-50,DA,5.3,0.2,,,,,,,D59,MET,0.1,,N60,ASN,0.0
S-49,DC,6.8,0.1,,,,,,,D60,ASN,0.1,,N61,SER,0.0
S-48,DC,4.1,0.1,,,,,,,D61,SER,0.0,,N62,PHE,0.0
S-47,DA,2.2,0.2,,,,,,,D62,PHE,0.2,,N63,VAL,0.0
S-46,DA,1.5,0.2,,,,,,,D63,VAL,0.1,,N64,ASN,0.0
S-45,DA,2.0,0.0,,,,,,,D64,ASN,0.1,,N65,ASP,0.2
S-44,DA,0.3,0.1,,,,,,,D65,ASP,0.3,,N66,VAL,0.0
S-43,DG,0.1,0.1,,,,,,,D66,VAL,0.0,,N67,PHE,0.0
S-42,DT,0.3,0.1,,,,,,,D67,PHE,0.0,,N68,GLU,0.1
S-41,DG,2.5,0.4,,,,,,,D68,GLU,0.2,,N69,ARG,0.4
S-40,DT,5.8,0.1,,,,,,,D69,ARG,0.6,,N70,ILE,0.0
S-39,DA,6.7,0.1,,,,,,,D70,ILE,0.0,,N71,ALA,0.0
S-38,DT,5.1,0.1,,,,,,,D71,ALA,0.0,,N72,GLY,0.0
S-37,DT,3.8,0.1,,,,,,,D72,GLY,0.0,,N73,GLU,0.1
S-36,DT,3.0,0.1,,,,,,,D73,GLU,0.1,,N74,ALA,0.0
S-35,DG,0.8,0.4,,,,,,,D74,ALA,0.0,,N75,SER,0.0
S-34,DG,0.2,0.1,,,,,,,D75,SER,0.1,,N76,ARG,0.5
S-33,DA,0.7,0.1,,,,,,,D76,ARG,0.4,,N77,LEU,0.0
S-32,DA,1.3,0.2,,,,,,,D77,LEU,0.0,,N78,ALA,0.0
S-31,DA,1.9,0.3,,,,,,,D78,ALA,0.0,,N79,HIS,0.1
S-30,DC,6.0,0.1,,,,,,,D79,HIS,0.1,,N80,TYR,0.1
S-29,DT,5.8,0.1,,,,,,,D80,TYR,0.1,,N81,ASN,0.0
S-28,DG,3.7,0.4,,,,,,,D81,ASN,0.0,,N82,LYS,0.6
S-27,DC,4.8,0.1,,,,,,,D82,LYS,0.4,,N83,ARG,0.6
S-26,DT,2.6,0.1,,,,,,,D83,ARG,0.2,,N84,SER,0.1
S-25,DC,0.6,0.1,,,,,,,D84,SER,0.0,,N85,THR,0.0
S-24,DC,0.1,0.0,,,,,,,D85,THR,0.0,,N86,ILE,0.0
S-23,DA,0.4,0.0,,,,,,,D86,ILE,0.1,,N87,THR,0.0
S-22,DT,0.9,0.1,,,,,,,D87,THR,0.1,,N88,SER,0.0
S-21,DC,2.9,0.1,,,,,,,D88,SER,0.0,,N89,ARG,0.1
S-20,DA,5.5,0.3,,,,,,,D89,ARG,0.8,,N90,GLU,0.0
S-19,DA,8.5,0.1,,,,,,,D90,GLU,0.0,,N91,ILE,0.0
S-18,DA,6.6,0.1,,,,,,,D91,ILE,0.0,,N92,GLN,0.1
S-17,DT,6.0,0.1,,,,,,,D92,GLN,0.0,,N93,THR,0.0
S-16,DT,3.5,0.1,,,,,,,D93,THR,0.0,,N94,ALA,0.0
S-15,DA,2.0,0.1,,,,,,,D94,ALA,0.0,,N95,VAL,0.0
S-14,DA,0.5,0.1,,,,,,,D95,VAL,0.0,,N96,ARG,0.4
S-13,DA,0.1,0.1,,,,,,,D96,ARG,0.8,,N97,LEU,0.1
S-12,DT,0.4,0.1,,,,,,,D97,LEU,0.0,,N98,LEU,0.0
S-11,DG,0.7,0.3,,,,,,,D98,LEU,0.0,,N99,LEU,0.0
S-10,DT,3.3,0.2,,,,,,,D99,LEU,0.0,,N100,PRO,0.0
S-9,DT,8.0,0.2,,,,,,,D100,PRO,0.0,,N101,GLY,0.0
S-8,DC,3.9,0.0,,,,,,,D101,GLY,0.1,,N102,GLU,0.3
S-7,DT,2.7,0.1,,,,,,,D102,GLU,0.5,,N103,LEU,0.0
S-6,DT,2.6,0.1,,,,,,,D103,LEU,0.0,,N104,ALA,0.0
S-5,DA,2.1,0.1,,,,,,,D104,ALA,0.0,,N105,LYS,0.5
S-4,DA,1.3,0.1,,,,,,,D105,LYS,0.3,,N106,HIS,0.0
S-3,DA,0.4,0.1,,,,,,,D106,HIS,0.2,,N107,ALA,0.0
S-2,DG,0.5,0.2,,,,,,,D107,ALA,0.0,,N108,VAL,0.0
S-1,DG,0.5,0.4,,,,,,,D108,VAL,0.0,,N109,SER,0.0
S0,DA,1.6,0.4,,,,,,,D109,SER,0.1,,N110,GLU,0.2
S1,DC,4.5,0.1,,,,,,,D110,GLU,0.4,,N111,GLY,0.0
S2,DC,6.0,0.1,,,,,,,D111,GLY,0.0,,N112,THR,0.0
S3,DT,7.8,0.1,,,,,,,D112,THR,0.0,,N113,LYS,0.6
S4,DT,6.2,0.1,,,,,,,D113,LYS,0.4,,N114,ALA,0.0
S5,DT,4.8,0.1,,,,,,,D114,ALA,0.0,,N115,VAL,0.0
S6,DA,1.5,0.1,,,,,,,D115,VAL,0.0,,N116,THR,0.0
S7,DA,0.5,0.1,,,,,,,D116,THR,0.0,,N117,LYS,0.3
S8,DG,0.5,0.1,,,,,,,D117,LYS,0.3,,N118,TYR,0.1
S9,DA,0.3,0.2,,,,,,,D118,TYR,0.0,,N119,THR,0.1
S10,DA,1.7,0.3,,,,,,,D119,THR,0.0,,N120,SER,0.1
S11,DC,6.4,0.3,,,,,,,D120,SER,0.0,,N121,ALA,0.2
S12,DA,9.0,0.3,,,,,,,D121,ALA,0.0,,N122,LYS,0.6
S13,DT,9.1,0.1,,,,,,,D122,LYS,1.2,,O38,PRO,1.4
S14,DT,9.0,0.1,,,,,,,E38,PRO,0.1,,O39,HIS,1.0
S15,DT,7.5,0.1,,,,,,,E39,HIS,0.1,,O40,ARG,0.4
S16,DA,2.2,0.1,,,,,,,E40,ARG,0.5,,O41,TYR,0.4
S17,DA,0.2,0.1,,,,,,,E41,TYR,0.1,,O42,ARG,0.5
S18,DT,0.3,0.1,,,,,,,E42,ARG,0.4,,O43,PRO,0.1
S19,DT,1.7,0.8,,,,,,,E43,PRO,0.6,,O44,GLY,0.0
S20,DT,4.6,1.2,,,,,,,E44,GLY,0.0,,O45,THR,0.2
S21,DG,6.7,1.1,,,,,,,E45,THR,0.0,,O46,VAL,0.0
S22,DA,10.2,0.3,,,,,,,E46,VAL,0.1,,O47,ALA,0.0
S23,DT,9.9,0.2,,,,,,,E47,ALA,0.0,,O48,LEU,0.1
S24,DG,9.1,1.3,,,,,,,E48,LEU,0.0,,O49,ARG,0.3
S25,DG,4.6,0.5,,,,,,,E49,ARG,0.4,,O50,GLU,0.3
S26,DA,2.9,0.2,,,,,,,E50,GLU,0.1,,O51,ILE,0.0
S27,DG,0.8,0.2,,,,,,,E51,ILE,0.0,,O52,ARG,0.5
S28,DC,0.6,0.2,,,,,,,E52,ARG,0.6,,O53,ARG,0.8
S29,DA,0.9,0.1,,,,,,,E53,ARG,0.7,,O54,TYR,0.2
S30,DG,0.6,0.3,,,,,,,E54,TYR,0.1,,O55,GLN,0.2
S31,DT,2.3,0.3,,,,,,,E55,GLN,0.0,,O56,LYS,0.6
S32,DT,5.4,0.2,,,,,,,E56,LYS,0.2,,O57,SER,0.2
S33,DT,8.7,0.3,,,,,,,E57,SER,0.1,,O58,THR,0.2
S34,DC,9.8,0.3,,,,,,,E58,THR,0.1,,O59,GLU,0.6
S35,DC,7.8,0.1,,,,,,,E59,GLU,0.1,,O60,LEU,0.3
S36,DA,4.9,0.1,,,,,,,E60,LEU,0.1,,O61,LEU,0.0
S37,DA,2.0,0.1,,,,,,,E61,LEU,0.0,,O62,ILE,0.0
S38,DA,0.8,0.1,,,,,,,E62,ILE,0.1,,O63,ARG,0.6
S39,DT,1.1,0.4,,,,,,,E63,ARG,0.3,,O64,LYS,0.5
S40,DA,2.4,0.9,,,,,,,E64,LYS,0.1,,O65,LEU,0.2
S41,DC,3.8,0.4,,,,,,,E65,LEU,0.0,,O66,PRO,0.0
S42,DA,7.5,0.5,,,,,,,E66,PRO,0.0,,O67,PHE,0.0
S43,DC,8.7,0.3,,,,,,,E67,PHE,0.0,,O68,GLN,0.2
S44,DT,6.4,0.1,,,,,,,E68,GLN,0.0,,O69,ARG,0.1
S45,DT,4.4,0.1,,,,,,,E69,ARG,0.1,,O70,LEU,0.0
S46,DT,2.9,0.1,,,,,,,E70,LEU,0.0,,O71,VAL,0.0
S47,DT,4.2,0.2,,,,,,,E71,VAL,0.0,,O72,ARG,0.3
S48,DG,2.7,0.1,,,,,,,E72,ARG,0.1,,O73,GLU,0.2
S49,DG,0.4,0.1,,,,,,,E73,GLU,0.1,,O74,ILE,0.0
S50,DT,0.5,0.4,,,,,,,E74,ILE,0.0,,O75,ALA,0.0
S51,DA,2.1,0.4,,,,,,,E75,ALA,0.0,,O76,GLN,0.3
S52,DG,7.4,0.5,,,,,,,E76,GLN,0.2,,O77,ASP,0.9
S53,DT,7.5,0.1,,,,,,,E77,ASP,0.6,,O78,PHE,0.0
S54,DA,8.0,0.4,,,,,,,E78,PHE,0.0,,O79,LYS,0.3
S55,DT,8.9,0.4,,,,,,,E79,LYS,0.3,,O80,THR,0.1
S56,DC,6.7,0.2,,,,,,,E80,THR,0.2,,O81,ASP,0.3
S57,DT,3.1,0.2,,,,,,,E81,ASP,0.3,,O82,LEU,0.0
S58,DG,1.1,0.1,,,,,,,E82,LEU,0.0,,O83,ARG,0.1
S59,DC,1.0,0.1,,,,,,,E83,ARG,0.1,,O84,PHE,0.1
S60,DA,1.6,0.3,,,,,,,E84,PHE,0.0,,O85,GLN,0.0
S61,DG,1.4,0.6,,,,,,,E85,GLN,0.2,,O86,SER,0.0
S62,DG,3.8,0.5,,,,,,,E86,SER,0.2,,O87,SER,0.0
S63,DT,8.8,0.5,,,,,,,E87,SER,0.0,,O88,ALA,0.0
S64,DG,10.2,0.5,,,,,,,E88,ALA,0.0,,O89,VAL,0.1
S65,DG,7.8,0.4,,,,,,,E89,VAL,0.0,,O90,MET,0.0
S66,DA,6.7,0.1,,,,,,,E90,MET,0.0,,O91,ALA,0.0
S67,DT,4.8,0.1,,,,,,,E91,ALA,0.0,,O92,LEU,0.0
S68,DA,3.4,0.1,,,,,,,E92,LEU,0.0,,O93,GLN,0.0
S69,DT,1.9,0.2,,,,,,,E93,GLN,0.0,,O94,GLU,0.2
S70,DT,1.0,0.2,,,,,,,E94,GLU,0.1,,O95,ALA,0.0
S71,DG,0.8,0.3,,,,,,,E95,ALA,0.0,,O96,SER,0.0
S72,DA,4.7,0.5,,,,,,,E96,SER,0.0,,O97,GLU,0.0
S73,DT,7.0,0.8,,,,,,,E97,GLU,0.1,,O98,ALA,0.0
T-73,DA,2.0,0.5,,,,,,,E98,ALA,0.2,,O99,TYR,0.3
T-72,DT,7.8,0.6,,,,,,,E99,TYR,0.2,,O100,LEU,0.1
T-71,DC,8.8,0.2,,,,,,,E100,LEU,0.0,,O101,VAL,0.0
T-70,DA,6.7,0.1,,,,,,,E101,VAL,0.0,,O102,ALA,0.2
T-69,DA,4.1,0.0,,,,,,,E102,ALA,0.0,,O103,LEU,0.2
T-68,DT,1.4,0.2,,,,,,,E103,LEU,0.0,,O104,PHE,0.1
T-67,DA,0.7,0.1,,,,,,,E104,PHE,0.0,,O105,GLU,0.3
T-66,DT,0.5,0.1,,,,,,,E105,GLU,0.2,,O106,ASP,0.0
T-65,DC,0.6,0.1,,,,,,,E106,ASP,0.0,,O107,THR,0.0
T-64,DC,1.1,0.1,,,,,,,E107,THR,0.0,,O108,ASN,0.1
T-63,DA,3.2,0.4,,,,,,,E108,ASN,0.0,,O109,LEU,0.0
T-62,DC,7.9,0.3,,,,,,,E109,LEU,0.0,,O110,CYS,0.0
T-61,DC,7.7,0.3,,,,,,,E110,CYS,0.0,,O111,ALA,0.0
T-60,DT,6.8,0.4,,,,,,,E111,ALA,0.0,,O112,ILE,0.0
T-59,DG,6.6,0.1,,,,,,,E112,ILE,0.0,,O113,HIS,0.0
T-58,DC,7.4,0.2,,,,,,,E113,HIS,0.1,,O114,ALA,0.1
T-57,DA,2.4,0.5,,,,,,,E114,ALA,0.1,,O115,LYS,0.4
T-56,DG,0.9,0.5,,,,,,,E115,LYS,0.4,,O116,ARG,0.2
T-55,DA,0.4,0.1,,,,,,,E116,ARG,0.1,,O117,VAL,0.0
T-54,DT,1.1,0.1,,,,,,,E117,VAL,0.2,,O118,THR,0.0
T-53,DA,4.0,0.2,,,,,,,E118,THR,0.0,,O119,ILE,0.0
T-52,DC,6.6,0.1,,,,,,,E119,ILE,0.0,,O120,MET,0.0
T-51,DT,6.6,0.1,,,,,,,E120,MET,0.0,,O121,PRO,0.0
T-50,DA,5.9,0.1,,,,,,,E121,PRO,0.0,,O122,LYS,0.3
T-49,DC,4.3,0.0,,,,,,,E122,LYS,0.3,,O123,ASP,0.0
T-48,DC,5.4,0.1,,,,,,,E123,ASP,0.0,,O124,ILE,0.2
T-47,DA,3.5,0.1,,,,,,,E124,ILE,0.0,,O125,GLN,0.0
T-46,DA,0.8,0.4,,,,,,,E125,GLN,0.1,,O126,LEU,0.0
T-45,DA,1.3,0.2,,,,,,,E126,LEU,0.0,,O127,ALA,0.0
T-44,DA,1.9,0.2,,,,,,,E127,ALA,0.0,,O128,ARG,0.2
T-43,DG,0.3,0.1,,,,,,,E128,ARG,0.3,,O129,ARG,0.4
T-42,DT,1.9,0.1,,,,,,,E129,ARG,0.2,,O130,ILE,0.0
T-41,DG,5.2,0.3,,,,,,,E130,ILE,0.0,,O131,ARG,0.4
T-40,DT,7.4,0.4,,,,,,,E131,ARG,0.6,,O132,GLY,0.0
T-39,DA,10.5,0.1,,,,,,,E132,GLY,0.0,,O133,GLU,0.1
T-38,DT,8.0,0.1,,,,,,,E133,GLU,0.4,,O134,ARG,0.6
T-37,DT,4.1,0.3,,,,,,,E134,ARG,0.3,,O135,ALA,0.4
T-36,DT,1.8,0.5,,,,,,,E135,ALA,0.2,,P16,LYS,1.6
T-35,DG,0.5,0.5,,,,,,,F17,ARG,0.5,,P17,ARG,1.6
T-34,DG,0.5,0.4,,,,,,,F18,HIS,0.1,,P18,HIS,0.5
T-33,DA,2.0,0.3,,,,,,,F19,ARG,0.7,,P19,ARG,0.7
T-32,DA,4.4,0.2,,,,,,,F20,LYS,0.4,,P20,LYS,0.5
T-31,DA,7.8,0.4,,,,,,,F21,VAL,0.1,,P21,VAL,0.1
T-30,DC,9.7,0.2,,,,,,,F22,LEU,0.0,,P22,LEU,0.1
T-29,DT,6.0,0.1,,,,,,,F23,ARG,0.7,,P23,ARG,1.6
T-28,DG,4.5,0.1,,,,,,,F24,ASP,0.2,,P24,ASP,0.4
T-27,DC,3.9,0.1,,,,,,,F25,ASN,0.0,,P25,ASN,0.0
T-26,DT,2.7,0.4,,,,,,,F26,ILE,0.0,,P26,ILE,0.0
T-25,DC,1.1,0.3,,,,,,,F27,GLN,0.1,,P27,GLN,0.1
T-24,DC,0.5,0.1,,,,,,,F28,GLY,0.0,,P28,GLY,0.0
T-23,DA,1.4,0.1,,,,,,,F29,ILE,0.0,,P29,ILE,0.1
T-22,DT,1.7,0.7,,,,,,,F30,THR,0.1,,P30,THR,0.1
T-21,DC,3.1,0.3,,,,,,,F31,LYS,0.8,,P31,LYS,0.3
T-20,DA,5.0,0.7,,,,,,,F32,PRO,0.1,,P32,PRO,0.1
T-19,DA,8.3,0.2,,,,,,,F33,ALA,0.0,,P33,ALA,0.0
T-18,DA,7.5,0.1,,,,,,,F34,ILE,0.1,,P34,ILE,0.1
T-17,DT,5.0,0.1,,,,,,,F35,ARG,0.4,,P35,ARG,0.7
T-16,DT,6.3,0.6,,,,,,,F36,ARG,0.0,,P36,ARG,0.2
T-15,DA,2.8,0.3,,,,,,,F37,LEU,0.0,,P37,LEU,0.0
T-14,DA,1.1,0.1,,,,,,,F38,ALA,0.0,,P38,ALA,0.0
T-13,DA,0.8,0.3,,,,,,,F39,ARG,0.1,,P39,ARG,0.3
T-12,DT,2.2,0.5,,,,,,,F40,ARG,0.0,,P40,ARG,0.3
T-11,DG,3.3,0.7,,,,,,,F41,GLY,0.0,,P41,GLY,0.0
T-10,DT,5.4,0.1,,,,,,,F42,GLY,0.0,,P42,GLY,0.0
T-9,DT,7.4,0.1,,,,,,,F43,VAL,0.0,,P43,VAL,0.1
T-8,DC,3.7,0.0,,,,,,,F44,LYS,0.6,,P44,LYS,0.4
T-7,DT,3.3,0.1,,,,,,,F45,ARG,0.4,,P45,ARG,0.3
T-6,DT,1.5,0.2,,,,,,,F46,ILE,0.1,,P46,ILE,0.1
T-5,DA,0.7,0.1,,,,,,,F47,SER,0.0,,P47,SER,0.0
T-4,DA,0.3,0.0,,,,,,,F48,GLY,0.0,,P48,GLY,0.0
T-3,DA,0.4,0.2,,,,,,,F49,LEU,0.1,,P49,LEU,0.0
T-2,DG,1.4,0.7,,,,,,,F50,ILE,0.0,,P50,ILE,0.0
T-1,DG,2.8,0.5,,,,,,,F51,TYR,0.1,,P51,TYR,0.0
T0,DT,4.4,0.4,,,,,,,F52,GLU,0.0,,P52,GLU,0.2
T1,DC,4.1,0.2,,,,,,,F53,GLU,0.2,,P53,GLU,0.4
T2,DC,5.9,0.1,,,,,,,F54,THR,0.0,,P54,THR,0.2
T3,DT,5.0,0.0,,,,,,,F55,ARG,0.2,,P55,ARG,0.1
T4,DT,3.0,0.1,,,,,,,F56,GLY,0.0,,P56,GLY,0.0
T5,DT,1.4,0.4,,,,,,,F57,VAL,0.0,,P57,VAL,0.0
T6,DA,0.8,0.2,,,,,,,F58,LEU,0.0,,P58,LEU,0.1
T7,DA,0.4,0.1,,,,,,,F59,LYS,0.3,,P59,LYS,0.1
T8,DG,0.3,0.1,,,,,,,F60,VAL,0.1,,P60,VAL,0.0
T9,DA,0.2,0.2,,,,,,,F61,PHE,0.0,,P61,PHE,0.0
T10,DA,1.0,0.1,,,,,,,F62,LEU,0.0,,P62,LEU,0.0
T11,DC,4.6,0.1,,,,,,,F63,GLU,0.2,,P63,GLU,0.1
T12,DA,6.6,0.1,,,,,,,F64,ASN,0.0,,P64,ASN,0.1
T13,DT,5.5,0.1,,,,,,,F65,VAL,0.0,,P65,VAL,0.0
T14,DT,4.9,0.1,,,,,,,F66,ILE,0.0,,P66,ILE,0.0
T15,DT,3.2,0.5,,,,,,,F67,ARG,0.4,,P67,ARG,0.7
T16,DA,1.1,0.2,,,,,,,F68,ASP,0.0,,P68,ASP,0.1
T17,DA,0.2,0.0,,,,,,,F69,ALA,0.0,,P69,ALA,0.0
T18,DT,0.2,0.0,,,,,,,F70,VAL,0.0,,P70,VAL,0.0
T19,DT,0.5,0.1,,,,,,,F71,THR,0.0,,P71,THR,0.2
T20,DT,2.4,0.1,,,,,,,F72,TYR,0.1,,P72,TYR,0.1
T21,DG,4.6,0.4,,,,,,,F73,THR,0.0,,P73,THR,0.0
T22,DA,8.6,0.1,,,,,,,F74,GLU,0.2,,P74,GLU,0.6
T23,DT,9.3,0.1,,,,,,,F75,HIS,0.0,,P75,HIS,0.1
T24,DG,6.9,0.1,,,,,,,F76,ALA,0.0,,P76,ALA,0.0
T25,DG,3.5,0.1,,,,,,,F77,LYS,0.4,,P77,LYS,0.6
T26,DA,0.7,0.0,,,,,,,F78,ARG,0.2,,P78,ARG,0.3
T27,DG,0.1,0.0,,,,,,,F79,LYS,0.4,,P79,LYS,0.3
T28,DC,0.3,0.1,,,,,,,F80,THR,0.0,,P80,THR,0.0
T29,DA,2.3,0.3,,,,,,,F81,VAL,0.0,,P81,VAL,0.0
T30,DG,1.1,0.3,,,,,,,F82,THR,0.0,,P82,THR,0.0
T31,DT,1.5,0.2,,,,,,,F83,ALA,0.0,,P83,ALA,0.0
T32,DT,4.1,0.2,,,,,,,F84,MET,0.0,,P84,MET,0.0
T33,DT,6.2,0.1,,,,,,,F85,ASP,0.0,,P85,ASP,0.0
T34,DC,5.3,0.2,,,,,,,F86,VAL,0.0,,P86,VAL,0.0
T35,DC,4.2,0.1,,,,,,,F87,VAL,0.0,,P87,VAL,0.0
T36,DA,1.4,0.2,,,,,,,F88,TYR,0.0,,P88,TYR,0.2
T37,DA,0.6,0.1,,,,,,,F89,ALA,0.0,,P89,ALA,0.0
T38,DA,0.4,0.1,,,,,,,F90,LEU,0.0,,P90,LEU,0.0
T39,DT,0.5,0.1,,,,,,,F91,LYS,0.2,,P91,LYS,0.5
T40,DA,1.1,0.1,,,,,,,F92,ARG,0.2,,P92,ARG,0.2
T41,DC,3.0,0.1,,,,,,,F93,GLN,0.1,,P93,GLN,0.0
T42,DA,4.7,0.2,,,,,,,F94,GLY,0.1,,P94,GLY,0.1
T43,DC,6.4,0.1,,,,,,,F95,ARG,0.5,,P95,ARG,0.4
T44,DT,5.4,0.1,,,,,,,F96,THR,0.0,,P96,THR,0.1
T45,DT,3.4,0.1,,,,,,,F97,LEU,0.0,,P97,LEU,0.0
T46,DT,1.8,0.1,,,,,,,F98,TYR,0.1,,P98,TYR,0.1
T47,DT,1.3,0.2,,,,,,,F99,GLY,0.0,,P99,GLY,0.0
T48,DG,0.6,0.2,,,,,,,F100,PHE,0.0,,P100,PHE,0.0
T49,DG,0.1,0.0,,,,,,,F101,GLY,0.1,,P101,GLY,0.0
T50,DT,0.8,0.1,,,,,,,F102,GLY,0.2,,P102,GLY,0.5
T51,DA,2.1,0.1,,,,,,,G13,LYS,0.1,,Q13,LYS,1.7
T52,DG,2.8,0.1,,,,,,,G14,ALA,0.0,,Q14,ALA,0.1
T53,DT,4.7,0.1,,,,,,,G15,LYS,0.5,,Q15,LYS,0.2
T54,DA,4.2,0.0,,,,,,,G16,THR,0.1,,Q16,THR,0.2
T55,DT,2.6,0.1,,,,,,,G17,ARG,0.1,,Q17,ARG,0.3
T56,DC,1.4,0.1,,,,,,,G18,SER,0.0,,Q18,SER,0.0
T57,DT,1.2,0.1,,,,,,,G19,SER,0.0,,Q19,SER,0.0
T58,DG,0.4,0.1,,,,,,,G20,ARG,0.2,,Q20,ARG,0.3
T59,DC,0.5,0.0,,,,,,,G21,ALA,0.0,,Q21,ALA,0.0
T60,DA,1.7,0.1,,,,,,,G22,GLY,0.1,,Q22,GLY,0.1
T61,DG,2.4,0.2,,,,,,,G23,LEU,0.2,,Q23,LEU,0.1
T62,DG,4.3,0.3,,,,,,,G24,GLN,0.1,,Q24,GLN,0.0
T63,DT,6.7,0.1,,,,,,,G25,PHE,0.0,,Q25,PHE,0.0
T64,DG,8.5,0.1,,,,,,,G26,PRO,0.0,,Q26,PRO,0.0
T65,DG,5.1,0.1,,,,,,,G27,VAL,0.0,,Q27,VAL,0.0
T66,DA,2.3,0.1,,,,,,,G28,GLY,0.0,,Q28,GLY,0.1
T67,DT,1.4,0.1,,,,,,,G29,ARG,0.0,,Q29,ARG,0.5
T68,DA,1.0,0.1,,,,,,,G30,VAL,0.0,,Q30,VAL,0.0
T69,DT,2.3,0.2,,,,,,,G31,HIS,0.0,,Q31,HIS,0.1
T70,DT,2.0,0.2,,,,,,,G32,ARG,0.1,,Q32,ARG,0.2
T71,DG,1.5,0.7,,,,,,,G33,LEU,0.0,,Q33,LEU,0.1
T72,DA,3.4,0.2,,,,,,,G34,LEU,0.0,,Q34,LEU,0.0
T73,DT,4.2,0.1,,,,,,,G35,ARG,0.2,,Q35,ARG,0.9
,,,,,,,,,,G36,LYS,0.6,,Q36,LYS,0.4
,,,,,,,,,,G37,GLY,0.0,,Q37,GLY,0.0
,,,,,,,,,,G38,ASN,0.1,,Q38,ASN,0.1
,,,,,,,,,,G39,TYR,0.1,,Q39,TYR,0.1
,,,,,,,,,,G40,ALA,0.0,,Q40,ALA,0.1
,,,,,,,,,,G41,GLU,0.3,,Q41,GLU,0.4
,,,,,,,,,,G42,ARG,0.1,,Q42,ARG,0.1
,,,,,,,,,,G43,VAL,0.0,,Q43,VAL,0.1
,,,,,,,,,,G44,GLY,0.0,,Q44,GLY,0.0
,,,,,,,,,,G45,ALA,0.1,,Q45,ALA,0.5
,,,,,,,,,,G46,GLY,0.0,,Q46,GLY,0.0
,,,,,,,,,,G47,ALA,0.0,,Q47,ALA,0.0
,,,,,,,,,,G48,PRO,0.0,,Q48,PRO,0.0
,,,,,,,,,,G49,VAL,0.0,,Q49,VAL,0.0
,,,,,,,,,,G50,TYR,0.0,,Q50,TYR,0.0
,,,,,,,,,,G51,LEU,0.0,,Q51,LEU,0.0
,,,,,,,,,,G52,ALA,0.0,,Q52,ALA,0.0
,,,,,,,,,,G53,ALA,0.0,,Q53,ALA,0.0
,,,,,,,,,,G54,VAL,0.0,,Q54,VAL,0.0
,,,,,,,,,,G55,LEU,0.0,,Q55,LEU,0.0
,,,,,,,,,,G56,GLU,0.1,,Q56,GLU,0.0
,,,,,,,,,,G57,TYR,0.0,,Q57,TYR,0.1
,,,,,,,,,,G58,LEU,0.0,,Q58,LEU,0.0
,,,,,,,,,,G59,THR,0.0,,Q59,THR,0.0
,,,,,,,,,,G60,ALA,0.0,,Q60,ALA,0.0
,,,,,,,,,,G61,GLU,0.2,,Q61,GLU,0.5
,,,,,,,,,,G62,ILE,0.0,,Q62,ILE,0.0
,,,,,,,,,,G63,LEU,0.0,,Q63,LEU,0.0
,,,,,,,,,,G64,GLU,0.0,,Q64,GLU,0.7
,,,,,,,,,,G65,LEU,0.0,,Q65,LEU,0.0
,,,,,,,,,,G66,ALA,0.0,,Q66,ALA,0.0
,,,,,,,,,,G67,GLY,0.0,,Q67,GLY,0.0
,,,,,,,,,,G68,ASN,0.0,,Q68,ASN,0.1
,,,,,,,,,,G69,ALA,0.0,,Q69,ALA,0.0
,,,,,,,,,,G70,ALA,0.0,,Q70,ALA,0.0
,,,,,,,,,,G71,ARG,0.2,,Q71,ARG,0.4
,,,,,,,,,,G72,ASP,0.4,,Q72,ASP,0.5
,,,,,,,,,,G73,ASN,0.2,,Q73,ASN,0.0
,,,,,,,,,,G74,LYS,0.3,,Q74,LYS,0.4
,,,,,,,,,,G75,LYS,0.1,,Q75,LYS,0.7
,,,,,,,,,,G76,THR,0.1,,Q76,THR,0.5
,,,,,,,,,,G77,ARG,0.1,,Q77,ARG,0.5
,,,,,,,,,,G78,ILE,0.0,,Q78,ILE,0.0
,,,,,,,,,,G79,ILE,0.1,,Q79,ILE,0.0
,,,,,,,,,,G80,PRO,0.0,,Q80,PRO,0.0
,,,,,,,,,,G81,ARG,0.2,,Q81,ARG,0.1
,,,,,,,,,,G82,HIS,0.0,,Q82,HIS,0.0
,,,,,,,,,,G83,LEU,0.0,,Q83,LEU,0.0
,,,,,,,,,,G84,GLN,0.0,,Q84,GLN,0.0
,,,,,,,,,,G85,LEU,0.1,,Q85,LEU,0.0
,,,,,,,,,,G86,ALA,0.0,,Q86,ALA,0.0
,,,,,,,,,,G87,VAL,0.0,,Q87,VAL,0.0
,,,,,,,,,,G88,ARG,1.2,,Q88,ARG,0.3
,,,,,,,,,,G89,ASN,0.0,,Q89,ASN,0.0
,,,,,,,,,,G90,ASP,0.1,,Q90,ASP,0.3
,,,,,,,,,,G91,GLU,1.1,,Q91,GLU,0.4
,,,,,,,,,,G92,GLU,0.2,,Q92,GLU,0.0
,,,,,,,,,,G93,LEU,0.0,,Q93,LEU,0.0
,,,,,,,,,,G94,ASN,0.2,,Q94,ASN,0.0
,,,,,,,,,,G95,LYS,0.3,,Q95,LYS,0.2
,,,,,,,,,,G96,LEU,0.1,,Q96,LEU,0.0
,,,,,,,,,,G97,LEU,0.1,,Q97,LEU,0.1
,,,,,,,,,,G98,GLY,0.1,,Q98,GLY,0.0
,,,,,,,,,,G99,ARG,0.9,,Q99,ARG,0.9
,,,,,,,,,,G100,VAL,0.1,,Q100,VAL,0.1
,,,,,,,,,,G101,THR,0.0,,Q101,THR,0.0
,,,,,,,,,,G102,ILE,0.0,,Q102,ILE,0.1
,,,,,,,,,,G103,ALA,0.0,,Q103,ALA,0.0
,,,,,,,,,,G104,GLN,0.1,,Q104,GLN,0.2
,,,,,,,,,,G105,GLY,0.0,,Q105,GLY,0.0
,,,,,,,,,,G106,GLY,0.1,,Q106,GLY,0.1
,,,,,,,,,,G107,VAL,0.1,,Q107,VAL,0.1
,,,,,,,,,,G108,LEU,0.1,,Q108,LEU,0.0
,,,,,,,,,,G109,PRO,0.0,,Q109,PRO,0.0
,,,,,,,,,,G110,ASN,0.1,,Q110,ASN,0.2
,,,,,,,,,,G111,ILE,0.0,,Q111,ILE,0.0
,,,,,,,,,,G112,GLN,0.1,,Q112,GLN,0.1
,,,,,,,,,,G113,SER,0.1,,Q113,SER,0.0
,,,,,,,,,,G114,VAL,0.0,,Q114,VAL,0.1
,,,,,,,,,,G115,LEU,0.1,,Q115,LEU,0.0
,,,,,,,,,,G116,LEU,0.0,,Q116,LEU,0.0
,,,,,,,,,,G117,PRO,0.1,,Q117,PRO,0.1
,,,,,,,,,,G118,LYS,0.8,,Q118,LYS,0.4
,,,,,,,,,,G119,LYS,0.7,,Q119,LYS,0.5
,,,,,,,,,,G120,THR,0.3,,Q120,THR,0.3
,,,,,,,,,,G121,GLU,2.6,,Q121,GLU,2.2
,,,,,,,,,,H27,ARG,0.5,,R27,ARG,1.0
,,,,,,,,,,H28,LYS,0.3,,R28,LYS,0.4
,,,,,,,,,,H29,THR,0.5,,R29,THR,0.1
,,,,,,,,,,H30,ARG,0.4,,R30,ARG,0.2
,,,,,,,,,,H31,LYS,0.3,,R31,LYS,0.4
,,,,,,,,,,H32,GLU,0.1,,R32,GLU,0.5
,,,,,,,,,,H33,SER,0.0,,R33,SER,0.1
,,,,,,,,,,H34,TYR,0.1,,R34,TYR,0.1
,,,,,,,,,,H35,ALA,0.0,,R35,ALA,0.0
,,,,,,,,,,H36,ILE,0.1,,R36,ILE,0.4
,,,,,,,,,,H37,TYR,0.1,,R37,TYR,0.1
,,,,,,,,,,H38,VAL,0.0,,R38,VAL,0.0
,,,,,,,,,,H39,TYR,0.0,,R39,TYR,0.1
,,,,,,,,,,H40,LYS,0.1,,R40,LYS,0.3
,,,,,,,,,,H41,VAL,0.0,,R41,VAL,0.0
,,,,,,,,,,H42,LEU,0.0,,R42,LEU,0.0
,,,,,,,,,,H43,LYS,0.2,,R43,LYS,0.2
,,,,,,,,,,H44,GLN,0.1,,R44,GLN,0.1
,,,,,,,,,,H45,VAL,0.0,,R45,VAL,0.2
,,,,,,,,,,H46,HIS,0.0,,R46,HIS,0.0
,,,,,,,,,,H47,PRO,0.2,,R47,PRO,0.1
,,,,,,,,,,H48,ASP,0.4,,R48,ASP,0.8
,,,,,,,,,,H49,THR,0.2,,R49,THR,0.0
,,,,,,,,,,H50,GLY,0.0,,R50,GLY,0.1
,,,,,,,,,,H51,ILE,0.0,,R51,ILE,0.0
,,,,,,,,,,H52,SER,0.0,,R52,SER,0.0
,,,,,,,,,,H53,SER,0.1,,R53,SER,0.0
,,,,,,,,,,H54,LYS,0.3,,R54,LYS,0.5
,,,,,,,,,,H55,ALA,0.0,,R55,ALA,0.0
,,,,,,,,,,H56,MET,0.0,,R56,MET,0.0
,,,,,,,,,,H57,SER,0.0,,R57,SER,0.0
,,,,,,,,,,H58,ILE,0.0,,R58,ILE,0.0
,,,,,,,,,,H59,MET,0.0,,R59,MET,0.0
,,,,,,,,,,H60,ASN,0.0,,R60,ASN,0.0
,,,,,,,,,,H61,SER,0.0,,R61,SER,0.0
,,,,,,,,,,H62,PHE,0.1,,R62,PHE,0.0
,,,,,,,,,,H63,VAL,0.0,,R63,VAL,0.0
,,,,,,,,,,H64,ASN,0.1,,R64,ASN,0.1
,,,,,,,,,,H65,ASP,0.1,,R65,ASP,0.3
,,,,,,,,,,H66,VAL,0.0,,R66,VAL,0.0
,,,,,,,,,,H67,PHE,0.0,,R67,PHE,0.0
,,,,,,,,,,H68,GLU,0.4,,R68,GLU,0.2
,,,,,,,,,,H69,ARG,0.5,,R69,ARG,0.6
,,,,,,,,,,H70,ILE,0.0,,R70,ILE,0.0
,,,,,,,,,,H71,ALA,0.0,,R71,ALA,0.0
,,,,,,,,,,H72,GLY,0.0,,R72,GLY,0.0
,,,,,,,,,,H73,GLU,0.0,,R73,GLU,0.1
,,,,,,,,,,H74,ALA,0.0,,R74,ALA,0.0
,,,,,,,,,,H75,SER,0.0,,R75,SER,0.0
,,,,,,,,,,H76,ARG,0.4,,R76,ARG,0.5
,,,,,,,,,,H77,LEU,0.0,,R77,LEU,0.0
,,,,,,,,,,H78,ALA,0.0,,R78,ALA,0.0
,,,,,,,,,,H79,HIS,0.0,,R79,HIS,0.0
,,,,,,,,,,H80,TYR,0.1,,R80,TYR,0.1
,,,,,,,,,,H81,ASN,0.1,,R81,ASN,0.1
,,,,,,,,,,H82,LYS,0.5,,R82,LYS,0.4
,,,,,,,,,,H83,ARG,0.4,,R83,ARG,0.3
,,,,,,,,,,H84,SER,0.1,,R84,SER,0.0
,,,,,,,,,,H85,THR,0.0,,R85,THR,0.0
,,,,,,,,,,H86,ILE,0.0,,R86,ILE,0.0
,,,,,,,,,,H87,THR,0.0,,R87,THR,0.1
,,,,,,,,,,H88,SER,0.0,,R88,SER,0.0
,,,,,,,,,,H89,ARG,0.2,,R89,ARG,1.1
,,,,,,,,,,H90,GLU,0.0,,R90,GLU,0.0
,,,,,,,,,,H91,ILE,0.0,,R91,ILE,0.0
,,,,,,,,,,H92,GLN,0.0,,R92,GLN,0.1
,,,,,,,,,,H93,THR,0.0,,R93,THR,0.0
,,,,,,,,,,H94,ALA,0.0,,R94,ALA,0.0
,,,,,,,,,,H95,VAL,0.0,,R95,VAL,0.0
,,,,,,,,,,H96,ARG,0.4,,R96,ARG,0.9
,,,,,,,,,,H97,LEU,0.0,,R97,LEU,0.4
,,,,,,,,,,H98,LEU,0.1,,R98,LEU,0.0
,,,,,,,,,,H99,LEU,0.0,,R99,LEU,0.0
,,,,,,,,,,H100,PRO,0.1,,R100,PRO,0.0
,,,,,,,,,,H101,GLY,0.0,,R101,GLY,0.2
,,,,,,,,,,H102,GLU,0.2,,R102,GLU,0.2
,,,,,,,,,,H103,LEU,0.0,,R103,LEU,0.0
,,,,,,,,,,H104,ALA,0.0,,R104,ALA,0.0
,,,,,,,,,,H105,LYS,0.5,,R105,LYS,0.3
,,,,,,,,,,H106,HIS,0.1,,R106,HIS,0.2
,,,,,,,,,,H107,ALA,0.0,,R107,ALA,0.0
,,,,,,,,,,H108,VAL,0.0,,R108,VAL,0.0
,,,,,,,,,,H109,SER,0.1,,R109,SER,0.0
,,,,,,,,,,H110,GLU,0.2,,R110,GLU,0.5
,,,,,,,,,,H111,GLY,0.0,,R111,GLY,0.0
,,,,,,,,,,H112,THR,0.0,,R112,THR,0.0
,,,,,,,,,,H113,LYS,0.4,,R113,LYS,0.3
,,,,,,,,,,H114,ALA,0.0,,R114,ALA,0.0
,,,,,,,,,,H115,VAL,0.0,,R115,VAL,0.0
,,,,,,,,,,H116,THR,0.0,,R116,THR,0.0
,,,,,,,,,,H117,LYS,0.3,,R117,LYS,0.3
,,,,,,,,,,H118,TYR,0.1,,R118,TYR,0.1
,,,,,,,,,,H119,THR,0.0,,R119,THR,0.0
,,,,,,,,,,H120,SER,0.0,,R120,SER,0.0
,,,,,,,,,,H121,ALA,0.1,,R121,ALA,0.0
,,,,,,,,,,H122,LYS,0.4,,R122,LYS,1.9
,,,,,,,,,,,,,,,,
,,,,,,,,,,,,,,,,
,,,,,,,,,,,,,,,,
,,,,,,,,,,,,,,,,
,,,,,,,,,,,,,,,,
,,,,,,,,,,,,,,,,
,,,,,,,,,,,,,,,,
,,,,,,,,,,,,,,,,
,,,,,,,,,,,,,,,,
,,,,,,,,,,,,,,,,
,,,,,,,,,,,,,,,,
,,,,,,,,,,,,,,,,
,,,,,,,,,,,,,,,,
,,,,,,,,,,,,,,,,
,,,,,,,,,,,,,,,,
,,,,,,,,,,,,,,,,
,,,,,,,,,,,,,,,,
,,,,,,,,,,,,,,,,
,,,,,,,,,,,,,,,,
,,,,,,,,,,,,,,,,
,,,,,,,,,,,,,,,,
,,,,,,,,,,,,,,,,
,,,,,,,,,,,,,,,,
,,,,,,,,,,,,,,,,
,,,,,,,,,,,,,,,,
,,,,,,,,,,,,,,,,
,,,,,,,,,,,,,,,,
,,,,,,,,,,,,,,,,
,,,,,,,,,,,,,,,,
,,,,,,,,,,,,,,,,
,,,,,,,,,,,,,,,,
,,,,,,,,,,,,,,,,
,,,,,,,,,,,,,,,,
,,,,,,,,,,,,,,,,
,,,,,,,,,,,,,,,,
,,,,,,,,,,,,,,,,
,,,,,,,,,,,,,,,,
,,,,,,,,,,,,,,,,
,,,,,,,,,,,,,,,,
,,,,,,,,,,,,,,,,
,,,,,,,,,,,,,,,,
,,,,,,,,,,,,,,,,
,,,,,,,,,,,,,,,,
,,,,,,,,,,,,,,,,
,,,,,,,,,,,,,,,,
,,,,,,,,,,,,,,,,
,,,,,,,,,,,,,,,,
,,,,,,,,,,,,,,,,
,,,,,,,,,,,,,,,,
,,,,,,,,,,,,,,,,
,,,,,,,,,,,,,,,,
,,,,,,,,,,,,,,,,
,,,,,,,,,,,,,,,,
,,,,,,,,,,,,,,,,
,,,,,,,,,,,,,,,,
,,,,,,,,,,,,,,,,
,,,,,,,,,,,,,,,,
,,,,,,,,,,,,,,,,
,,,,,,,,,,,,,,,,
,,,,,,,,,,,,,,,,
,,,,,,,,,,,,,,,,
,,,,,,,,,,,,,,,,
,,,,,,,,,,,,,,,,
,,,,,,,,,,,,,,,,
,,,,,,,,,,,,,,,,
,,,,,,,,,,,,,,,,
,,,,,,,,,,,,,,,,
,,,,,,,,,,,,,,,,
,,,,,,,,,,,,,,,,
,,,,,,,,,,,,,,,,
,,,,,,,,,,,,,,,,
,,,,,,,,,,,,,,,,
,,,,,,,,,,,,,,,,
,,,,,,,,,,,,,,,,
,,,,,,,,,,,,,,,,
,,,,,,,,,,,,,,,,
,,,,,,,,,,,,,,,,
,,,,,,,,,,,,,,,,
,,,,,,,,,,,,,,,,
,,,,,,,,,,,,,,,,
,,,,,,,,,,,,,,,,
,,,,,,,,,,,,,,,,
,,,,,,,,,,,,,,,,
,,,,,,,,,,,,,,,,
,,,,,,,,,,,,,,,,
,,,,,,,,,,,,,,,,
,,,,,,,,,,,,,,,,
,,,,,,,,,,,,,,,,
,,,,,,,,,,,,,,,,
,,,,,,,,,,,,,,,,
,,,,,,,,,,,,,,,,
,,,,,,,,,,,,,,,,
,,,,,,,,,,,,,,,,
,,,,,,,,,,,,,,,,
,,,,,,,,,,,,,,,,
,,,,,,,,,,,,,,,,
,,,,,,,,,,,,,,,,
,,,,,,,,,,,,,,,,
,,,,,,,,,,,,,,,,
,,,,,,,,,,,,,,,,
,,,,,,,,,,,,,,,,
,,,,,,,,,,,,,,,,
,,,,,,,,,,,,,,,,
,,,,,,,,,,,,,,,,
,,,,,,,,,,,,,,,,
,,,,,,,,,,,,,,,,
,,,,,,,,,,,,,,,,
,,,,,,,,,,,,,,,,
,,,,,,,,,,,,,,,,
,,,,,,,,,,,,,,,,
,,,,,,,,,,,,,,,,
,,,,,,,,,,,,,,,,
,,,,,,,,,,,,,,,,
,,,,,,,,,,,,,,,,
,,,,,,,,,,,,,,,,
,,,,,,,,,,,,,,,,
,,,,,,,,,,,,,,,,
,,,,,,,,,,,,,,,,
,,,,,,,,,,,,,,,,
,,,,,,,,,,,,,,,,
,,,,,,,,,,,,,,,,
,,,,,,,,,,,,,,,,
,,,,,,,,,,,,,,,,
,,,,,,,,,,,,,,,,
,,,,,,,,,,,,,,,,
,,,,,,,,,,,,,,,,
,,,,,,,,,,,,,,,,
,,,,,,,,,,,,,,,,
,,,,,,,,,,,,,,,,
,,,,,,,,,,,,,,,,
,,,,,,,,,,,,,,,,
,,,,,,,,,,,,,,,,
,,,,,,,,,,,,,,,,
,,,,,,,,,,,,,,,,
,,,,,,,,,,,,,,,,
,,,,,,,,,,,,,,,,
,,,,,,,,,,,,,,,,
,,,,,,,,,,,,,,,,
,,,,,,,,,,,,,,,,
,,,,,,,,,,,,,,,,
,,,,,,,,,,,,,,,,
,,,,,,,,,,,,,,,,
,,,,,,,,,,,,,,,,
,,,,,,,,,,,,,,,,
,,,,,,,,,,,,,,,,
,,,,,,,,,,,,,,,,
,,,,,,,,,,,,,,,,
,,,,,,,,,,,,,,,,
,,,,,,,,,,,,,,,,
,,,,,,,,,,,,,,,,
,,,,,,,,,,,,,,,,
,,,,,,,,,,,,,,,,
,,,,,,,,,,,,,,,,
,,,,,,,,,,,,,,,,
,,,,,,,,,,,,,,,,
,,,,,,,,,,,,,,,,
,,,,,,,,,,,,,,,,
,,,,,,,,,,,,,,,,
,,,,,,,,,,,,,,,,
,,,,,,,,,,,,,,,,
,,,,,,,,,,,,,,,,
,,,,,,,,,,,,,,,,
,,,,,,,,,,,,,,,,
,,,,,,,,,,,,,,,,
,,,,,,,,,,,,,,,,
,,,,,,,,,,,,,,,,
,,,,,,,,,,,,,,,,
,,,,,,,,,,,,,,,,
,,,,,,,,,,,,,,,,
,,,,,,,,,,,,,,,,
,,,,,,,,,,,,,,,,
,,,,,,,,,,,,,,,,
,,,,,,,,,,,,,,,,
,,,,,,,,,,,,,,,,
,,,,,,,,,,,,,,,,
,,,,,,,,,,,,,,,,
,,,,,,,,,,,,,,,,
,,,,,,,,,,,,,,,,
,,,,,,,,,,,,,,,,
,,,,,,,,,,,,,,,,
,,,,,,,,,,,,,,,,
,,,,,,,,,,,,,,,,
,,,,,,,,,,,,,,,,
,,,,,,,,,,,,,,,,
,,,,,,,,,,,,,,,,
,,,,,,,,,,,,,,,,
,,,,,,,,,,,,,,,,
,,,,,,,,,,,,,,,,
,,,,,,,,,,,,,,,,
,,,,,,,,,,,,,,,,
,,,,,,,,,,,,,,,,
,,,,,,,,,,,,,,,,
,,,,,,,,,,,,,,,,
,,,,,,,,,,,,,,,,
,,,,,,,,,,,,,,,,
,,,,,,,,,,,,,,,,
,,,,,,,,,,,,,,,,
,,,,,,,,,,,,,,,,
,,,,,,,,,,,,,,,,
,,,,,,,,,,,,,,,,
,,,,,,,,,,,,,,,,
,,,,,,,,,,,,,,,,
,,,,,,,,,,,,,,,,
,,,,,,,,,,,,,,,,
,,,,,,,,,,,,,,,,
,,,,,,,,,,,,,,,,
,,,,,,,,,,,,,,,,
,,,,,,,,,,,,,,,,
,,,,,,,,,,,,,,,,
,,,,,,,,,,,,,,,,
,,,,,,,,,,,,,,,,
,,,,,,,,,,,,,,,,
,,,,,,,,,,,,,,,,
,,,,,,,,,,,,,,,,
,,,,,,,,,,,,,,,,
,,,,,,,,,,,,,,,,
,,,,,,,,,,,,,,,,
,,,,,,,,,,,,,,,,
,,,,,,,,,,,,,,,,
,,,,,,,,,,,,,,,,
,,,,,,,,,,,,,,,,
,,,,,,,,,,,,,,,,
,,,,,,,,,,,,,,,,
,,,,,,,,,,,,,,,,
,,,,,,,,,,,,,,,,
,,,,,,,,,,,,,,,,
,,,,,,,,,,,,,,,,
,,,,,,,,,,,,,,,,
,,,,,,,,,,,,,,,,
,,,,,,,,,,,,,,,,
,,,,,,,,,,,,,,,,
,,,,,,,,,,,,,,,,
,,,,,,,,,,,,,,,,
,,,,,,,,,,,,,,,,
,,,,,,,,,,,,,,,,
,,,,,,,,,,,,,,,,
,,,,,,,,,,,,,,,,
,,,,,,,,,,,,,,,,
,,,,,,,,,,,,,,,,
,,,,,,,,,,,,,,,,
,,,,,,,,,,,,,,,,
,,,,,,,,,,,,,,,,
,,,,,,,,,,,,,,,,
,,,,,,,,,,,,,,,,
,,,,,,,,,,,,,,,,
,,,,,,,,,,,,,,,,
,,,,,,,,,,,,,,,,
,,,,,,,,,,,,,,,,
,,,,,,,,,,,,,,,,
,,,,,,,,,,,,,,,,
,,,,,,,,,,,,,,,,
,,,,,,,,,,,,,,,,
,,,,,,,,,,,,,,,,
,,,,,,,,,,,,,,,,
,,,,,,,,,,,,,,,,
,,,,,,,,,,,,,,,,
,,,,,,,,,,,,,,,,
,,,,,,,,,,,,,,,,
,,,,,,,,,,,,,,,,
,,,,,,,,,,,,,,,,
,,,,,,,,,,,,,,,,
,,,,,,,,,,,,,,,,
,,,,,,,,,,,,,,,,
,,,,,,,,,,,,,,,,
,,,,,,,,,,,,,,,,
,,,,,,,,,,,,,,,,
,,,,,,,,,,,,,,,,
,,,,,,,,,,,,,,,,
,,,,,,,,,,,,,,,,
,,,,,,,,,,,,,,,,
,,,,,,,,,,,,,,,,
,,,,,,,,,,,,,,,,
,,,,,,,,,,,,,,,,
,,,,,,,,,,,,,,,,
,,,,,,,,,,,,,,,,
,,,,,,,,,,,,,,,,
,,,,,,,,,,,,,,,,
,,,,,,,,,,,,,,,,
,,,,,,,,,,,,,,,,
,,,,,,,,,,,,,,,,
,,,,,,,,,,,,,,,,
,,,,,,,,,,,,,,,,
,,,,,,,,,,,,,,,,
,,,,,,,,,,,,,,,,
,,,,,,,,,,,,,,,,
,,,,,,,,,,,,,,,,
,,,,,,,,,,,,,,,,
,,,,,,,,,,,,,,,,
,,,,,,,,,,,,,,,,
,,,,,,,,,,,,,,,,
,,,,,,,,,,,,,,,,
,,,,,,,,,,,,,,,,
,,,,,,,,,,,,,,,,
,,,,,,,,,,,,,,,,
,,,,,,,,,,,,,,,,
,,,,,,,,,,,,,,,,
,,,,,,,,,,,,,,,,
,,,,,,,,,,,,,,,,
,,,,,,,,,,,,,,,,
,,,,,,,,,,,,,,,,
,,,,,,,,,,,,,,,,
,,,,,,,,,,,,,,,,
,,,,,,,,,,,,,,,,
,,,,,,,,,,,,,,,,
,,,,,,,,,,,,,,,,
,,,,,,,,,,,,,,,,
,,,,,,,,,,,,,,,,
,,,,,,,,,,,,,,,,
,,,,,,,,,,,,,,,,
,,,,,,,,,,,,,,,,
,,,,,,,,,,,,,,,,
,,,,,,,,,,,,,,,,
,,,,,,,,,,,,,,,,
,,,,,,,,,,,,,,,,
,,,,,,,,,,,,,,,,
,,,,,,,,,,,,,,,,
,,,,,,,,,,,,,,,,
,,,,,,,,,,,,,,,,
,,,,,,,,,,,,,,,,
,,,,,,,,,,,,,,,,
,,,,,,,,,,,,,,,,
,,,,,,,,,,,,,,,,
,,,,,,,,,,,,,,,,
,,,,,,,,,,,,,,,,
,,,,,,,,,,,,,,,,
,,,,,,,,,,,,,,,,
,,,,,,,,,,,,,,,,
,,,,,,,,,,,,,,,,
,,,,,,,,,,,,,,,,
,,,,,,,,,,,,,,,,
,,,,,,,,,,,,,,,,
,,,,,,,,,,,,,,,,
,,,,,,,,,,,,,,,,
,,,,,,,,,,,,,,,,
,,,,,,,,,,,,,,,,
,,,,,,,,,,,,,,,,
,,,,,,,,,,,,,,,,
,,,,,,,,,,,,,,,,
,,,,,,,,,,,,,,,,
,,,,,,,,,,,,,,,,
,,,,,,,,,,,,,,,,
,,,,,,,,,,,,,,,,
,,,,,,,,,,,,,,,,
,,,,,,,,,,,,,,,,
,,,,,,,,,,,,,,,,
,,,,,,,,,,,,,,,,
,,,,,,,,,,,,,,,,
,,,,,,,,,,,,,,,,
,,,,,,,,,,,,,,,,
,,,,,,,,,,,,,,,,
,,,,,,,,,,,,,,,,
,,,,,,,,,,,,,,,,
,,,,,,,,,,,,,,,,
,,,,,,,,,,,,,,,,
,,,,,,,,,,,,,,,,
,,,,,,,,,,,,,,,,
,,,,,,,,,,,,,,,,
,,,,,,,,,,,,,,,,
,,,,,,,,,,,,,,,,
,,,,,,,,,,,,,,,,
,,,,,,,,,,,,,,,,
,,,,,,,,,,,,,,,,
,,,,,,,,,,,,,,,,
,,,,,,,,,,,,,,,,
,,,,,,,,,,,,,,,,
,,,,,,,,,,,,,,,,
,,,,,,,,,,,,,,,,
,,,,,,,,,,,,,,,,
,,,,,,,,,,,,,,,,
,,,,,,,,,,,,,,,,
,,,,,,,,,,,,,,,,
,,,,,,,,,,,,,,,,
,,,,,,,,,,,,,,,,
,,,,,,,,,,,,,,,,
,,,,,,,,,,,,,,,,
,,,,,,,,,,,,,,,,
,,,,,,,,,,,,,,,,
,,,,,,,,,,,,,,,,
,,,,,,,,,,,,,,,,
,,,,,,,,,,,,,,,,
,,,,,,,,,,,,,,,,
,,,,,,,,,,,,,,,,
,,,,,,,,,,,,,,,,
,,,,,,,,,,,,,,,,
,,,,,,,,,,,,,,,,
,,,,,,,,,,,,,,,,
,,,,,,,,,,,,,,,,
,,,,,,,,,,,,,,,,
,,,,,,,,,,,,,,,,
,,,,,,,,,,,,,,,,
,,,,,,,,,,,,,,,,
,,,,,,,,,,,,,,,,
,,,,,,,,,,,,,,,,
,,,,,,,,,,,,,,,,
,,,,,,,,,,,,,,,,
,,,,,,,,,,,,,,,,
,,,,,,,,,,,,,,,,
,,,,,,,,,,,,,,,,
,,,,,,,,,,,,,,,,
,,,,,,,,,,,,,,,,
,,,,,,,,,,,,,,,,
,,,,,,,,,,,,,,,,
,,,,,,,,,,,,,,,,
,,,,,,,,,,,,,,,,
,,,,,,,,,,,,,,,,
,,,,,,,,,,,,,,,,
,,,,,,,,,,,,,,,,
,,,,,,,,,,,,,,,,
,,,,,,,,,,,,,,,,
,,,,,,,,,,,,,,,,
,,,,,,,,,,,,,,,,
,,,,,,,,,,,,,,,,
,,,,,,,,,,,,,,,,
,,,,,,,,,,,,,,,,
,,,,,,,,,,,,,,,,
,,,,,,,,,,,,,,,,
,,,,,,,,,,,,,,,,
,,,,,,,,,,,,,,,,
,,,,,,,,,,,,,,,,
,,,,,,,,,,,,,,,,
,,,,,,,,,,,,,,,,
,,,,,,,,,,,,,,,,
,,,,,,,,,,,,,,,,
,,,,,,,,,,,,,,,,
,,,,,,,,,,,,,,,,
,,,,,,,,,,,,,,,,
,,,,,,,,,,,,,,,,
,,,,,,,,,,,,,,,,
,,,,,,,,,,,,,,,,
,,,,,,,,,,,,,,,,
,,,,,,,,,,,,,,,,
,,,,,,,,,,,,,,,,
,,,,,,,,,,,,,,,,
,,,,,,,,,,,,,,,,
,,,,,,,,,,,,,,,,
,,,,,,,,,,,,,,,,
,,,,,,,,,,,,,,,,
,,,,,,,,,,,,,,,,
,,,,,,,,,,,,,,,,
,,,,,,,,,,,,,,,,
,,,,,,,,,,,,,,,,
,,,,,,,,,,,,,,,,
,,,,,,,,,,,,,,,,
,,,,,,,,,,,,,,,,
,,,,,,,,,,,,,,,,
,,,,,,,,,,,,,,,,
,,,,,,,,,,,,,,,,
,,,,,,,,,,,,,,,,
,,,,,,,,,,,,,,,,
,,,,,,,,,,,,,,,,
,,,,,,,,,,,,,,,,
,,,,,,,,,,,,,,,,
,,,,,,,,,,,,,,,,
,,,,,,,,,,,,,,,,
,,,,,,,,,,,,,,,,
,,,,,,,,,,,,,,,,
,,,,,,,,,,,,,,,,
,,,,,,,,,,,,,,,,
,,,,,,,,,,,,,,,,
,,,,,,,,,,,,,,,,
,,,,,,,,,,,,,,,,
,,,,,,,,,,,,,,,,
,,,,,,,,,,,,,,,,
,,,,,,,,,,,,,,,,
,,,,,,,,,,,,,,,,
,,,,,,,,,,,,,,,,
,,,,,,,,,,,,,,,,
,,,,,,,,,,,,,,,,
,,,,,,,,,,,,,,,,
,,,,,,,,,,,,,,,,
,,,,,,,,,,,,,,,,
,,,,,,,,,,,,,,,,
,,,,,,,,,,,,,,,,
,,,,,,,,,,,,,,,,
,,,,,,,,,,,,,,,,
,,,,,,,,,,,,,,,,
,,,,,,,,,,,,,,,,
,,,,,,,,,,,,,,,,
,,,,,,,,,,,,,,,,
,,,,,,,,,,,,,,,,
,,,,,,,,,,,,,,,,
,,,,,,,,,,,,,,,,
,,,,,,,,,,,,,,,,
,,,,,,,,,,,,,,,,
,,,,,,,,,,,,,,,,
,,,,,,,,,,,,,,,,
,,,,,,,,,,,,,,,,
,,,,,,,,,,,,,,,,
,,,,,,,,,,,,,,,,
,,,,,,,,,,,,,,,,
,,,,,,,,,,,,,,,,
,,,,,,,,,,,,,,,,
,,,,,,,,,,,,,,,,
,,,,,,,,,,,,,,,,
,,,,,,,,,,,,,,,,
,,,,,,,,,,,,,,,,
,,,,,,,,,,,,,,,,
,,,,,,,,,,,,,,,,
,,,,,,,,,,,,,,,,
,,,,,,,,,,,,,,,,
,,,,,,,,,,,,,,,,
,,,,,,,,,,,,,,,,
,,,,,,,,,,,,,,,,
,,,,,,,,,,,,,,,,
,,,,,,,,,,,,,,,,
,,,,,,,,,,,,,,,,
,,,,,,,,,,,,,,,,
,,,,,,,,,,,,,,,,
,,,,,,,,,,,,,,,,
,,,,,,,,,,,,,,,,
,,,,,,,,,,,,,,,,
,,,,,,,,,,,,,,,,
,,,,,,,,,,,,,,,,
,,,,,,,,,,,,,,,,
,,,,,,,,,,,,,,,,
,,,,,,,,,,,,,,,,
,,,,,,,,,,,,,,,,
,,,,,,,,,,,,,,,,
,,,,,,,,,,,,,,,,
,,,,,,,,,,,,,,,,
,,,,,,,,,,,,,,,,
,,,,,,,,,,,,,,,,
,,,,,,,,,,,,,,,,
,,,,,,,,,,,,,,,,
,,,,,,,,,,,,,,,,
,,,,,,,,,,,,,,,,
,,,,,,,,,,,,,,,,
,,,,,,,,,,,,,,,,
,,,,,,,,,,,,,,,,
,,,,,,,,,,,,,,,,
,,,,,,,,,,,,,,,,
,,,,,,,,,,,,,,,,
,,,,,,,,,,,,,,,,
,,,,,,,,,,,,,,,,
,,,,,,,,,,,,,,,,
,,,,,,,,,,,,,,,,
,,,,,,,,,,,,,,,,
,,,,,,,,,,,,,,,,
,,,,,,,,,,,,,,,,
,,,,,,,,,,,,,,,,
,,,,,,,,,,,,,,,,
,,,,,,,,,,,,,,,,
,,,,,,,,,,,,,,,,
,,,,,,,,,,,,,,,,
,,,,,,,,,,,,,,,,
,,,,,,,,,,,,,,,,
,,,,,,,,,,,,,,,,
,,,,,,,,,,,,,,,,
,,,,,,,,,,,,,,,,
,,,,,,,,,,,,,,,,
,,,,,,,,,,,,,,,,
,,,,,,,,,,,,,,,,
,,,,,,,,,,,,,,,,
,,,,,,,,,,,,,,,,
,,,,,,,,,,,,,,,,
,,,,,,,,,,,,,,,,
,,,,,,,,,,,,,,,,
,,,,,,,,,,,,,,,,
,,,,,,,,,,,,,,,,
,,,,,,,,,,,,,,,,
,,,,,,,,,,,,,,,,
,,,,,,,,,,,,,,,,
,,,,,,,,,,,,,,,,
,,,,,,,,,,,,,,,,
,,,,,,,,,,,,,,,,
,,,,,,,,,,,,,,,,
,,,,,,,,,,,,,,,,
,,,,,,,,,,,,,,,,
,,,,,,,,,,,,,,,,
,,,,,,,,,,,,,,,,
,,,,,,,,,,,,,,,,
,,,,,,,,,,,,,,,,
,,,,,,,,,,,,,,,,
,,,,,,,,,,,,,,,,
,,,,,,,,,,,,,,,,
,,,,,,,,,,,,,,,,
,,,,,,,,,,,,,,,,
,,,,,,,,,,,,,,,,
,,,,,,,,,,,,,,,,
,,,,,,,,,,,,,,,,
,,,,,,,,,,,,,,,,
,,,,,,,,,,,,,,,,
,,,,,,,,,,,,,,,,
,,,,,,,,,,,,,,,,
,,,,,,,,,,,,,,,,
,,,,,,,,,,,,,,,,
,,,,,,,,,,,,,,,,
,,,,,,,,,,,,,,,,
,,,,,,,,,,,,,,,,
,,,,,,,,,,,,,,,,
,,,,,,,,,,,,,,,,
,,,,,,,,,,,,,,,,
,,,,,,,,,,,,,,,,
,,,,,,,,,,,,,,,,
,,,,,,,,,,,,,,,,
,,,,,,,,,,,,,,,,
,,,,,,,,,,,,,,,,
,,,,,,,,,,,,,,,,
,,,,,,,,,,,,,,,,
,,,,,,,,,,,,,,,,
,,,,,,,,,,,,,,,,
,,,,,,,,,,,,,,,,
,,,,,,,,,,,,,,,,
,,,,,,,,,,,,,,,,
,,,,,,,,,,,,,,,,
,,,,,,,,,,,,,,,,
,,,,,,,,,,,,,,,,
,,,,,,,,,,,,,,,,
,,,,,,,,,,,,,,,,
,,,,,,,,,,,,,,,,
,,,,,,,,,,,,,,,,
,,,,,,,,,,,,,,,,
,,,,,,,,,,,,,,,,
,,,,,,,,,,,,,,,,
,,,,,,,,,,,,,,,,
,,,,,,,,,,,,,,,,
,,,,,,,,,,,,,,,,
,,,,,,,,,,,,,,,,
,,,,,,,,,,,,,,,,
,,,,,,,,,,,,,,,,
,,,,,,,,,,,,,,,,
,,,,,,,,,,,,,,,,
,,,,,,,,,,,,,,,,
,,,,,,,,,,,,,,,,
,,,,,,,,,,,,,,,,
,,,,,,,,,,,,,,,,
,,,,,,,,,,,,,,,,
,,,,,,,,,,,,,,,,
,,,,,,,,,,,,,,,,
,,,,,,,,,,,,,,,,
,,,,,,,,,,,,,,,,
,,,,,,,,,,,,,,,,
,,,,,,,,,,,,,,,,
,,,,,,,,,,,,,,,,
,,,,,,,,,,,,,,,,
,,,,,,,,,,,,,,,,
,,,,,,,,,,,,,,,,
,,,,,,,,,,,,,,,,
,,,,,,,,,,,,,,,,
,,,,,,,,,,,,,,,,
,,,,,,,,,,,,,,,,
,,,,,,,,,,,,,,,,
,,,,,,,,,,,,,,,,
,,,,,,,,,,,,,,,,
,,,,,,,,,,,,,,,,
,,,,,,,,,,,,,,,,
,,,,,,,,,,,,,,,,
,,,,,,,,,,,,,,,,
,,,,,,,,,,,,,,,,
,,,,,,,,,,,,,,,,
,,,,,,,,,,,,,,,,
,,,,,,,,,,,,,,,,
,,,,,,,,,,,,,,,,
,,,,,,,,,,,,,,,,
,,,,,,,,,,,,,,,,
,,,,,,,,,,,,,,,,
,,,,,,,,,,,,,,,,
,,,,,,,,,,,,,,,,
,,,,,,,,,,,,,,,,
,,,,,,,,,,,,,,,,
,,,,,,,,,,,,,,,,
,,,,,,,,,,,,,,,,
,,,,,,,,,,,,,,,,
,,,,,,,,,,,,,,,,
,,,,,,,,,,,,,,,,
,,,,,,,,,,,,,,,,
,,,,,,,,,,,,,,,,
,,,,,,,,,,,,,,,,
,,,,,,,,,,,,,,,,
,,,,,,,,,,,,,,,,
,,,,,,,,,,,,,,,,
,,,,,,,,,,,,,,,,
,,,,,,,,,,,,,,,,
,,,,,,,,,,,,,,,,
,,,,,,,,,,,,,,,,
,,,,,,,,,,,,,,,,
,,,,,,,,,,,,,,,,
,,,,,,,,,,,,,,,,
,,,,,,,,,,,,,,,,
,,,,,,,,,,,,,,,,
,,,,,,,,,,,,,,,,
,,,,,,,,,,,,,,,,
,,,,,,,,,,,,,,,,
,,,,,,,,,,,,,,,,
,,,,,,,,,,,,,,,,
,,,,,,,,,,,,,,,,
,,,,,,,,,,,,,,,,
,,,,,,,,,,,,,,,,
,,,,,,,,,,,,,,,,
,,,,,,,,,,,,,,,,
,,,,,,,,,,,,,,,,
,,,,,,,,,,,,,,,,
,,,,,,,,,,,,,,,,
,,,,,,,,,,,,,,,,
,,,,,,,,,,,,,,,,
,,,,,,,,,,,,,,,,
,,,,,,,,,,,,,,,,
,,,,,,,,,,,,,,,,
,,,,,,,,,,,,,,,,
,,,,,,,,,,,,,,,,
,,,,,,,,,,,,,,,,
,,,,,,,,,,,,,,,,
,,,,,,,,,,,,,,,,
,,,,,,,,,,,,,,,,
,,,,,,,,,,,,,,,,
,,,,,,,,,,,,,,,,
,,,,,,,,,,,,,,,,
,,,,,,,,,,,,,,,,
,,,,,,,,,,,,,,,,
,,,,,,,,,,,,,,,,
,,,,,,,,,,,,,,,,
,,,,,,,,,,,,,,,,
,,,,,,,,,,,,,,,,
,,,,,,,,,,,,,,,,
,,,,,,,,,,,,,,,,
,,,,,,,,,,,,,,,,
,,,,,,,,,,,,,,,,
,,,,,,,,,,,,,,,,
,,,,,,,,,,,,,,,,
,,,,,,,,,,,,,,,,
,,,,,,,,,,,,,,,,
,,,,,,,,,,,,,,,,
,,,,,,,,,,,,,,,,
,,,,,,,,,,,,,,,,
,,,,,,,,,,,,,,,,
,,,,,,,,,,,,,,,,
,,,,,,,,,,,,,,,,
,,,,,,,,,,,,,,,,
,,,,,,,,,,,,,,,,
,,,,,,,,,,,,,,,,
,,,,,,,,,,,,,,,,
,,,,,,,,,,,,,,,,
,,,,,,,,,,,,,,,,
,,,,,,,,,,,,,,,,
,,,,,,,,,,,,,,,,
,,,,,,,,,,,,,,,,
,,,,,,,,,,,,,,,,
,,,,,,,,,,,,,,,,
,,,,,,,,,,,,,,,,
,,,,,,,,,,,,,,,,
,,,,,,,,,,,,,,,,
,,,,,,,,,,,,,,,,
,,,,,,,,,,,,,,,,
,,,,,,,,,,,,,,,,
,,,,,,,,,,,,,,,,
,,,,,,,,,,,,,,,,
,,,,,,,,,,,,,,,,
,,,,,,,,,,,,,,,,
,,,,,,,,,,,,,,,,
,,,,,,,,,,,,,,,,
,,,,,,,,,,,,,,,,
,,,,,,,,,,,,,,,,
,,,,,,,,,,,,,,,,
,,,,,,,,,,,,,,,,
,,,,,,,,,,,,,,,,
,,,,,,,,,,,,,,,,
,,,,,,,,,,,,,,,,
,,,,,,,,,,,,,,,,
,,,,,,,,,,,,,,,,
,,,,,,,,,,,,,,,,
,,,,,,,,,,,,,,,,
,,,,,,,,,,,,,,,,
,,,,,,,,,,,,,,,,
,,,,,,,,,,,,,,,,
,,,,,,,,,,,,,,,,
,,,,,,,,,,,,,,,,
,,,,,,,,,,,,,,,,
,,,,,,,,,,,,,,,,
,,,,,,,,,,,,,,,,
,,,,,,,,,,,,,,,,
