ResID,ChainID,Resname,PV,
1,A1,THR,1.9,
2,A2,VAL,0.3,
3,A3,ALA,0.0,
4,A4,LEU,0.0,
5,A5,ARG,1.6,
6,A6,GLU,0.8,
7,A7,ILE,0.0,
8,A8,ARG,1.4,
9,A9,ARG,0.7,
10,A10,TYR,0.4,
11,A11,GLN,0.1,
12,A12,LYS,1.3,
13,A13,SER,0.2,
14,A14,THR,0.4,
15,A15,GLU,0.9,
16,A16,LEU,0.7,
17,A17,LEU,0.0,
18,A18,ILE,0.1,
19,A19,ARG,1.6,
20,A20,LYS,0.8,
21,A21,LEU,0.3,
22,A22,PRO,0.0,
23,A23,PHE,0.0,
24,A24,GLN,0.1,
25,A25,ARG,0.9,
26,A26,LEU,0.0,
27,A27,VAL,0.0,
28,A28,ARG,1.6,
29,A29,GLU,1.3,
30,A30,ILE,0.1,
31,A31,ALA,0.0,
32,A32,GLN,0.8,
33,A33,ASP,1.2,
34,A34,PHE,0.3,
35,A35,LYS,1.7,
36,A36,THR,1.1,
37,A37,ASP,2.1,
38,A38,LEU,0.3,
39,A39,ARG,2.2,
40,A40,PHE,0.3,
41,A41,GLN,0.0,
42,A42,SER,0.1,
43,A43,ALA,0.0,
44,A44,ALA,0.0,
45,A45,ILE,0.0,
46,A46,GLY,0.0,
47,A47,ALA,0.0,
48,A48,LEU,0.1,
49,A49,GLN,0.0,
50,A50,GLU,0.4,
51,A51,ALA,0.2,
52,A52,ALA,0.2,
53,A53,GLU,0.1,
54,A54,ALA,0.4,
55,A55,TYR,0.6,
56,A56,LEU,0.5,
57,A57,VAL,0.0,
58,A58,GLY,0.2,
59,A59,LEU,0.4,
60,A60,PHE,0.1,
61,A61,GLU,1.5,
62,A62,ASP,0.2,
63,A63,THR,0.0,
64,A64,ASN,0.4,
65,A65,LEU,0.1,
66,A66,CYS,0.0,
67,A67,ALA,0.0,
68,A68,ILE,0.1,
69,A69,HIS,0.3,
70,A70,ALA,0.1,
71,A71,LYS,1.4,
72,A72,ARG,0.6,
73,A73,VAL,0.7,
74,A74,THR,0.1,
75,A75,ILE,0.0,
76,A76,MET,0.0,
77,A77,PRO,0.0,
78,A78,LYS,1.1,
79,A79,ASP,0.0,
80,A80,ILE,0.1,
81,A81,GLN,0.5,
82,A82,LEU,0.1,
83,A83,ALA,0.0,
84,A84,ARG,0.4,
85,A85,ARG,1.3,
86,A86,ILE,0.1,
87,A87,ARG,0.8,
88,A88,GLY,0.0,
89,A89,GLU,0.3,
90,A90,ARG,2.6,
91,A91,ALA,1.8,
92,B1,ASP,2.5,
93,B2,ASN,0.4,
94,B3,ILE,0.2,
95,B4,GLN,0.9,
96,B5,GLY,0.1,
97,B6,ILE,0.0,
98,B7,THR,0.6,
99,B8,LYS,2.0,
100,B9,PRO,0.4,
101,B10,ALA,0.0,
102,B11,ILE,0.0,
103,B12,ARG,0.8,
104,B13,ARG,0.3,
105,B14,LEU,0.0,
106,B15,ALA,0.0,
107,B16,ARG,0.3,
108,B17,ARG,0.2,
109,B18,GLY,0.0,
110,B19,GLY,0.1,
111,B20,VAL,0.1,
112,B21,LYS,0.8,
113,B22,ARG,1.9,
114,B23,ILE,0.1,
115,B24,SER,0.0,
116,B25,GLY,0.2,
117,B26,LEU,0.1,
118,B27,ILE,0.0,
119,B28,TYR,0.2,
120,B29,GLU,0.5,
121,B30,GLU,0.4,
122,B31,THR,0.1,
123,B32,ARG,0.7,
124,B33,GLY,0.0,
125,B34,VAL,0.1,
126,B35,LEU,0.0,
127,B36,LYS,1.4,
128,B37,VAL,0.6,
129,B38,PHE,0.4,
130,B39,LEU,0.0,
131,B40,GLU,0.8,
132,B41,ASN,0.3,
133,B42,VAL,0.1,
134,B43,ILE,0.0,
135,B44,ARG,1.5,
136,B45,ASP,0.1,
137,B46,ALA,0.0,
138,B47,VAL,0.0,
139,B48,THR,0.1,
140,B49,TYR,0.0,
141,B50,THR,0.0,
142,B51,GLU,0.6,
143,B52,HIS,0.1,
144,B53,ALA,0.2,
145,B54,LYS,1.2,
146,B55,ARG,0.4,
147,B56,LYS,1.3,
148,B57,THR,0.0,
149,B58,VAL,0.0,
150,B59,THR,0.0,
151,B60,ALA,0.0,
152,B61,MET,0.2,
153,B62,ASP,0.0,
154,B63,VAL,0.0,
155,B64,VAL,0.0,
156,B65,TYR,0.3,
157,B66,ALA,0.0,
158,B67,LEU,0.1,
159,B68,LYS,0.9,
160,B69,ARG,0.4,
161,B70,GLN,0.3,
162,B71,GLY,0.1,
163,B72,ARG,1.3,
164,B73,THR,0.1,
165,B74,LEU,0.0,
166,B75,TYR,0.3,
167,B76,GLY,0.1,
168,B77,PHE,1.0,
169,C1,ARG,2.9,
170,C2,SER,0.4,
171,C3,SER,0.6,
172,C4,ARG,3.1,
173,C5,ALA,0.0,
174,C6,GLY,0.3,
175,C7,LEU,0.5,
176,C8,GLN,0.4,
177,C9,PHE,0.5,
178,C10,PRO,0.2,
179,C11,VAL,0.0,
180,C12,GLY,0.2,
181,C13,ARG,1.1,
182,C14,ILE,0.0,
183,C15,HIS,0.1,
184,C16,ARG,1.2,
185,C17,PHE,0.3,
186,C18,LEU,0.3,
187,C19,ARG,0.8,
188,C20,LYS,1.5,
189,C21,GLY,0.0,
190,C22,HIS,0.5,
191,C23,TYR,0.3,
192,C24,ALA,0.0,
193,C25,GLU,1.4,
194,C26,ARG,1.3,
195,C27,ILE,0.2,
196,C28,GLY,0.1,
197,C29,SER,0.4,
198,C30,GLY,0.0,
199,C31,ALA,0.1,
200,C32,PRO,0.0,
201,C33,VAL,0.0,
202,C34,TYR,0.0,
203,C35,LEU,0.1,
204,C36,ALA,0.0,
205,C37,ALA,0.1,
206,C38,VAL,0.0,
207,C39,LEU,0.3,
208,C40,GLU,0.4,
209,C41,TYR,0.2,
210,C42,LEU,0.4,
211,C43,SER,0.1,
212,C44,ALA,0.0,
213,C45,GLU,1.3,
214,C46,ILE,1.1,
215,C47,LEU,0.3,
216,C48,GLU,1.3,
217,C49,LEU,0.8,
218,C50,ALA,0.0,
219,C51,GLY,0.0,
220,C52,ASN,0.5,
221,C53,ALA,0.0,
222,C54,ALA,0.0,
223,C55,ARG,0.9,
224,C56,ASP,1.8,
225,C57,ASN,0.7,
226,C58,LYS,1.7,
227,C59,LYS,1.7,
228,C60,SER,0.7,
229,C61,ARG,2.0,
230,C62,ILE,0.2,
231,C63,VAL,0.1,
232,C64,PRO,0.1,
233,C65,ARG,0.3,
234,C66,HIS,0.1,
235,C67,LEU,0.0,
236,C68,GLN,0.2,
237,C69,LEU,0.1,
238,C70,ALA,0.1,
239,C71,VAL,0.1,
240,C72,ARG,0.4,
241,C73,ASN,0.7,
242,C74,ASP,0.5,
243,C75,GLU,3.0,
244,C76,GLU,1.0,
245,C77,LEU,0.7,
246,C78,ASN,0.3,
247,C79,LYS,1.4,
248,C80,LEU,0.2,
249,C81,LEU,0.6,
250,C82,SER,0.3,
251,C83,GLY,0.2,
252,C84,VAL,0.1,
253,C85,THR,0.2,
254,C86,ILE,0.4,
255,C87,ALA,0.1,
256,C88,SER,0.9,
257,C89,GLY,0.1,
258,C90,GLY,0.1,
259,C91,VAL,0.2,
260,C92,LEU,0.3,
261,C93,PRO,0.3,
262,C94,ASN,1.1,
263,C95,ILE,0.2,
264,C96,GLN,0.5,
265,C97,ALA,0.1,
266,C98,VAL,0.1,
267,C99,LEU,0.1,
268,C100,LEU,0.2,
269,C101,PRO,2.0,
270,C102,LYS,2.9,
271,D1,TYR,1.2,
272,D2,ALA,0.2,
273,D3,ILE,0.4,
274,D4,TYR,0.5,
275,D5,ILE,0.1,
276,D6,TYR,0.1,
277,D7,ASN,0.0,
278,D8,VAL,0.1,
279,D9,LEU,0.1,
280,D10,LYS,0.4,
281,D11,GLN,0.3,
282,D12,VAL,0.1,
283,D13,HIS,0.4,
284,D14,PRO,0.2,
285,D15,ASP,1.9,
286,D16,VAL,0.2,
287,D17,GLY,0.1,
288,D18,VAL,0.1,
289,D19,SER,0.0,
290,D20,SER,0.1,
291,D21,LYS,0.6,
292,D22,ALA,0.0,
293,D23,MET,0.0,
294,D24,SER,0.0,
295,D25,ILE,0.2,
296,D26,MET,0.1,
297,D27,ASN,0.2,
298,D28,SER,0.1,
299,D29,PHE,0.9,
300,D30,VAL,0.2,
301,D31,ASN,0.6,
302,D32,ASP,0.3,
303,D33,ILE,0.2,
304,D34,PHE,0.0,
305,D35,GLU,1.1,
306,D36,ARG,0.6,
307,D37,ILE,0.0,
308,D38,ALA,0.0,
309,D39,SER,0.2,
310,D40,GLU,0.1,
311,D41,ALA,0.0,
312,D42,SER,0.0,
313,D43,ARG,0.3,
314,D44,LEU,0.0,
315,D45,ALA,0.0,
316,D46,LEU,0.6,
317,D47,GLN,0.2,
318,D48,ASN,0.3,
319,D49,LYS,1.4,
320,D50,LYS,1.6,
321,D51,SER,0.4,
322,D52,THR,0.1,
323,D53,ILE,0.1,
324,D54,SER,0.1,
325,D55,SER,0.0,
326,D56,ARG,1.0,
327,D57,GLU,0.2,
328,D58,ILE,0.1,
329,D59,GLN,0.1,
330,D60,THR,0.0,
331,D61,ALA,0.0,
332,D62,VAL,0.0,
333,D63,ARG,1.7,
334,D64,LEU,0.1,
335,D65,LEU,0.2,
336,D66,LEU,0.1,
337,D67,PRO,0.3,
338,D68,GLY,0.4,
339,D69,GLU,1.3,
340,D70,LEU,0.2,
341,D71,ALA,0.0,
342,D72,LYS,1.5,
343,D73,HIS,0.3,
344,D74,ALA,0.0,
345,D75,VAL,0.1,
346,D76,SER,0.2,
347,D77,GLU,0.5,
348,D78,GLY,0.0,
349,D79,THR,0.0,
350,D80,LYS,0.9,
351,D81,ALA,0.0,
352,D82,VAL,0.0,
353,D83,THR,0.0,
354,D84,LYS,0.7,
355,D85,TYR,0.2,
356,D86,THR,0.1,
357,D87,SER,0.0,
358,D88,SER,0.1,
359,D89,LYS,5.0,
360,E1,THR,1.5,
361,E2,VAL,0.2,
362,E3,ALA,0.0,
363,E4,LEU,0.0,
364,E5,ARG,1.5,
365,E6,GLU,0.5,
366,E7,ILE,0.0,
367,E8,ARG,1.1,
368,E9,ARG,0.6,
369,E10,TYR,0.5,
370,E11,GLN,0.1,
371,E12,LYS,0.9,
372,E13,SER,0.4,
373,E14,THR,0.5,
374,E15,GLU,0.6,
375,E16,LEU,0.6,
376,E17,LEU,0.0,
377,E18,ILE,0.0,
378,E19,ARG,1.7,
379,E20,LYS,1.1,
380,E21,LEU,0.3,
381,E22,PRO,0.1,
382,E23,PHE,0.0,
383,E24,GLN,0.1,
384,E25,ARG,0.9,
385,E26,LEU,0.2,
386,E27,VAL,0.0,
387,E28,ARG,1.2,
388,E29,GLU,1.2,
389,E30,ILE,0.4,
390,E31,ALA,0.0,
391,E32,GLN,0.7,
392,E33,ASP,1.3,
393,E34,PHE,0.4,
394,E35,LYS,1.4,
395,E36,THR,0.9,
396,E37,ASP,2.1,
397,E38,LEU,0.3,
398,E39,ARG,2.4,
399,E40,PHE,0.8,
400,E41,GLN,0.1,
401,E42,SER,0.1,
402,E43,ALA,0.0,
403,E44,ALA,0.1,
404,E45,ILE,0.1,
405,E46,GLY,0.0,
406,E47,ALA,0.1,
407,E48,LEU,0.2,
408,E49,GLN,0.0,
409,E50,GLU,0.4,
410,E51,ALA,0.1,
411,E52,ALA,0.0,
412,E53,GLU,0.0,
413,E54,ALA,0.2,
414,E55,TYR,0.7,
415,E56,LEU,0.4,
416,E57,VAL,0.0,
417,E58,GLY,0.2,
418,E59,LEU,0.9,
419,E60,PHE,0.2,
420,E61,GLU,1.3,
421,E62,ASP,0.4,
422,E63,THR,0.2,
423,E64,ASN,0.2,
424,E65,LEU,0.0,
425,E66,CYS,0.0,
426,E67,ALA,0.0,
427,E68,ILE,0.0,
428,E69,HIS,0.5,
429,E70,ALA,0.1,
430,E71,LYS,1.7,
431,E72,ARG,0.5,
432,E73,VAL,0.4,
433,E74,THR,0.0,
434,E75,ILE,0.0,
435,E76,MET,0.1,
436,E77,PRO,0.1,
437,E78,LYS,1.0,
438,E79,ASP,0.0,
439,E80,ILE,0.8,
440,E81,GLN,0.5,
441,E82,LEU,0.1,
442,E83,ALA,0.1,
443,E84,ARG,0.4,
444,E85,ARG,1.3,
445,E86,ILE,0.1,
446,E87,ARG,0.8,
447,E88,GLY,0.0,
448,E89,GLU,0.3,
449,E90,ARG,2.9,
450,E91,ALA,1.7,
451,F1,ASP,2.3,
452,F2,ASN,0.5,
453,F3,ILE,0.3,
454,F4,GLN,0.7,
455,F5,GLY,0.2,
456,F6,ILE,0.1,
457,F7,THR,0.6,
458,F8,LYS,2.0,
459,F9,PRO,0.6,
460,F10,ALA,0.0,
461,F11,ILE,0.0,
462,F12,ARG,1.2,
463,F13,ARG,0.4,
464,F14,LEU,0.0,
465,F15,ALA,0.0,
466,F16,ARG,0.1,
467,F17,ARG,0.3,
468,F18,GLY,0.0,
469,F19,GLY,0.0,
470,F20,VAL,0.0,
471,F21,LYS,0.6,
472,F22,ARG,1.5,
473,F23,ILE,0.1,
474,F24,SER,0.1,
475,F25,GLY,0.2,
476,F26,LEU,0.1,
477,F27,ILE,0.0,
478,F28,TYR,0.1,
479,F29,GLU,0.5,
480,F30,GLU,0.9,
481,F31,THR,0.4,
482,F32,ARG,0.4,
483,F33,GLY,0.1,
484,F34,VAL,0.7,
485,F35,LEU,0.2,
486,F36,LYS,1.1,
487,F37,VAL,0.4,
488,F38,PHE,0.1,
489,F39,LEU,0.1,
490,F40,GLU,0.4,
491,F41,ASN,0.2,
492,F42,VAL,0.0,
493,F43,ILE,0.2,
494,F44,ARG,1.3,
495,F45,ASP,0.1,
496,F46,ALA,0.3,
497,F47,VAL,0.1,
498,F48,THR,0.1,
499,F49,TYR,0.0,
500,F50,THR,0.0,
501,F51,GLU,0.6,
502,F52,HIS,0.1,
503,F53,ALA,0.2,
504,F54,LYS,1.2,
505,F55,ARG,0.4,
506,F56,LYS,1.6,
507,F57,THR,0.1,
508,F58,VAL,0.1,
509,F59,THR,0.0,
510,F60,ALA,0.1,
511,F61,MET,0.2,
512,F62,ASP,0.0,
513,F63,VAL,0.3,
514,F64,VAL,0.1,
515,F65,TYR,0.2,
516,F66,ALA,0.0,
517,F67,LEU,0.0,
518,F68,LYS,0.9,
519,F69,ARG,0.4,
520,F70,GLN,0.3,
521,F71,GLY,0.1,
522,F72,ARG,1.1,
523,F73,THR,0.0,
524,F74,LEU,0.0,
525,F75,TYR,0.2,
526,F76,GLY,0.1,
527,F77,PHE,1.4,
528,G1,ARG,2.9,
529,G2,SER,0.5,
530,G3,SER,0.8,
531,G4,ARG,2.1,
532,G5,ALA,0.0,
533,G6,GLY,0.4,
534,G7,LEU,0.7,
535,G8,GLN,0.6,
536,G9,PHE,0.3,
537,G10,PRO,0.1,
538,G11,VAL,0.1,
539,G12,GLY,0.3,
540,G13,ARG,1.0,
541,G14,ILE,0.0,
542,G15,HIS,0.1,
543,G16,ARG,1.0,
544,G17,PHE,0.3,
545,G18,LEU,0.1,
546,G19,ARG,1.0,
547,G20,LYS,1.5,
548,G21,GLY,0.0,
549,G22,HIS,0.5,
550,G23,TYR,0.3,
551,G24,ALA,0.0,
552,G25,GLU,1.2,
553,G26,ARG,1.4,
554,G27,ILE,0.0,
555,G28,GLY,0.0,
556,G29,SER,0.5,
557,G30,GLY,0.0,
558,G31,ALA,0.0,
559,G32,PRO,0.0,
560,G33,VAL,0.0,
561,G34,TYR,0.0,
562,G35,LEU,0.0,
563,G36,ALA,0.1,
564,G37,ALA,0.1,
565,G38,VAL,0.0,
566,G39,LEU,0.0,
567,G40,GLU,0.3,
568,G41,TYR,0.4,
569,G42,LEU,0.0,
570,G43,SER,0.0,
571,G44,ALA,0.0,
572,G45,GLU,0.7,
573,G46,ILE,0.1,
574,G47,LEU,0.0,
575,G48,GLU,1.0,
576,G49,LEU,0.6,
577,G50,ALA,0.0,
578,G51,GLY,0.0,
579,G52,ASN,0.5,
580,G53,ALA,0.0,
581,G54,ALA,0.0,
582,G55,ARG,0.8,
583,G56,ASP,1.6,
584,G57,ASN,0.5,
585,G58,LYS,1.7,
586,G59,LYS,1.4,
587,G60,SER,0.4,
588,G61,ARG,2.0,
589,G62,ILE,0.0,
590,G63,VAL,0.1,
591,G64,PRO,0.0,
592,G65,ARG,0.5,
593,G66,HIS,0.0,
594,G67,LEU,0.0,
595,G68,GLN,0.1,
596,G69,LEU,0.1,
597,G70,ALA,0.0,
598,G71,VAL,0.1,
599,G72,ARG,0.8,
600,G73,ASN,0.7,
601,G74,ASP,0.5,
602,G75,GLU,3.1,
603,G76,GLU,0.8,
604,G77,LEU,0.1,
605,G78,ASN,0.4,
606,G79,LYS,1.4,
607,G80,LEU,0.1,
608,G81,LEU,0.3,
609,G82,SER,0.7,
610,G83,GLY,0.2,
611,G84,VAL,0.1,
612,G85,THR,0.2,
613,G86,ILE,0.1,
614,G87,ALA,0.0,
615,G88,SER,1.0,
616,G89,GLY,0.0,
617,G90,GLY,0.2,
618,G91,VAL,0.5,
619,G92,LEU,0.3,
620,G93,PRO,0.4,
621,G94,ASN,1.0,
622,G95,ILE,0.3,
623,G96,GLN,0.5,
624,G97,ALA,0.1,
625,G98,VAL,0.1,
626,G99,LEU,0.1,
627,G100,LEU,0.2,
628,G101,PRO,1.7,
629,G102,LYS,3.5,
630,H1,TYR,0.5,
631,H2,ALA,0.2,
632,H3,ILE,0.4,
633,H4,TYR,0.3,
634,H5,ILE,0.1,
635,H6,TYR,0.2,
636,H7,ASN,0.1,
637,H8,VAL,0.0,
638,H9,LEU,0.1,
639,H10,LYS,0.5,
640,H11,GLN,0.5,
641,H12,VAL,0.1,
642,H13,HIS,0.2,
643,H14,PRO,0.3,
644,H15,ASP,1.7,
645,H16,VAL,0.1,
646,H17,GLY,0.0,
647,H18,VAL,0.3,
648,H19,SER,0.0,
649,H20,SER,0.2,
650,H21,LYS,0.9,
651,H22,ALA,0.0,
652,H23,MET,0.1,
653,H24,SER,0.1,
654,H25,ILE,0.0,
655,H26,MET,0.1,
656,H27,ASN,0.1,
657,H28,SER,0.1,
658,H29,PHE,0.2,
659,H30,VAL,0.0,
660,H31,ASN,0.4,
661,H32,ASP,0.3,
662,H33,ILE,0.0,
663,H34,PHE,0.1,
664,H35,GLU,1.2,
665,H36,ARG,0.6,
666,H37,ILE,0.0,
667,H38,ALA,0.1,
668,H39,SER,0.1,
669,H40,GLU,0.1,
670,H41,ALA,0.0,
671,H42,SER,0.1,
672,H43,ARG,0.6,
673,H44,LEU,0.0,
674,H45,ALA,0.0,
675,H46,LEU,0.7,
676,H47,GLN,0.2,
677,H48,ASN,0.2,
678,H49,LYS,1.3,
679,H50,LYS,1.2,
680,H51,SER,0.6,
681,H52,THR,0.1,
682,H53,ILE,0.0,
683,H54,SER,0.1,
684,H55,SER,0.1,
685,H56,ARG,1.0,
686,H57,GLU,0.1,
687,H58,ILE,0.0,
688,H59,GLN,0.1,
689,H60,THR,0.0,
690,H61,ALA,0.0,
691,H62,VAL,0.0,
692,H63,ARG,2.0,
693,H64,LEU,0.1,
694,H65,LEU,0.2,
695,H66,LEU,0.0,
696,H67,PRO,0.3,
697,H68,GLY,0.4,
698,H69,GLU,1.3,
699,H70,LEU,0.0,
700,H71,ALA,0.0,
701,H72,LYS,1.7,
702,H73,HIS,0.4,
703,H74,ALA,0.0,
704,H75,VAL,0.1,
705,H76,SER,0.3,
706,H77,GLU,0.7,
707,H78,GLY,0.0,
708,H79,THR,0.1,
709,H80,LYS,0.8,
710,H81,ALA,0.0,
711,H82,VAL,0.0,
712,H83,THR,0.0,
713,H84,LYS,0.6,
714,H85,TYR,0.2,
715,H86,THR,0.4,
716,H87,SER,0.1,
717,H88,SER,0.1,
718,H89,LYS,4.8,
,,,,
,,,,
,,,0.44570,
